Nombre,Estilo,PaÃ­s,PaÃ­s Ingles,Alcohol,Color,Amargor,Descripcion,Descripcion ingles,Disponible,Imagen,Artesanal,Tipo,Recomendada,Formato,Precio,formato 2,precio 2,formato 3,precio 3,Sin gluten,Aparece,Barril
A Dios,Triple Neipa,EspaÃ±a ğŸ‡ªğŸ‡¸,Spain ğŸ‡ªğŸ‡¸,"10,0%",,,"Para el Art Beer Fest de este aÃ±o, 10 cervecerÃ­as internacionales se unieron para rendir homenaje al mejor jugador de todos los tiempos: A Dios. Juntos diseÃ±aron una receta con una idea sencilla: 10 cervecerÃ­as, 10 maltas, 10 lÃºpulos y 10% de alcohol en una potente y jugosa Triple Neipa marcada por el virtuosismo y el exceso.

Una colaboraciÃ³n con:
1- Juguetes Perdidos ğŸ‡¦ğŸ‡·
2- MÃ˜MBrewers ğŸ‡µğŸ‡¹
3- Milkkeller ğŸ‡©ğŸ‡°
4- Jing-A ğŸ‡¨ğŸ‡³
5- Two Tribes ğŸ‡¬ğŸ‡§
6 - SanFrutos ğŸ‡ªğŸ‡¸
7- Stu Mostow ğŸ‡µğŸ‡±
8- Fraugruber ğŸ‡©ğŸ‡ª
9- Vetra Milano ğŸ‡®ğŸ‡¹
10- La Pirata ğŸ‡ªğŸ‡¸",,SÃ­,https://res.cloudinary.com/divmsybfa/image/upload/v1621944545/vzriksistp0cksyutor7.png,Si,IPA-IPA,No,33 cl (Lata) - 33 cl (Canned),"7,00 â‚¬",,,,,,SÃ­,No
Alhambra Baltic Porter,Baltic Porter,EspaÃ±a ğŸ‡ªğŸ‡¸,Spain ğŸ‡ªğŸ‡¸,"7,8%",200 EBC,35 IBU,,,SÃ­,https://i.ibb.co/VjqgSsf/bartic.jpg,No,Negra-Stout,No,33 cl (Botella) - 33 cl (Bottle),"6,80 â‚¬",,,,,,SÃ,No
Alhambra Palo Cortado,Lager con crianza en barrica,EspaÃ±a ğŸ‡ªğŸ‡¸,Spain ğŸ‡ªğŸ‡¸,"7,6%",,23 IBU,El tiempo de crianza de la cerveza hace que el caracter del vino Palo Cortado se exprese en la cerveza,,SÃ­,https://i.ibb.co/4s8NbFD/alhambra-palo-cortado.jpg,No,Tostada-Brown,No,50 cl (Botella) - 50 cl (Bottle),"9,50 â‚¬",,,,,,SÃ,No
Alhambra Reserva 1925,Amber Lager,EspaÃ±a ğŸ‡ªğŸ‡¸,Spain ğŸ‡ªğŸ‡¸,"6,4%",13 EBC,26 IBU,,,SÃ­,https://i.ibb.co/x7mZHF9/cerveza-alhambra-reserva-1925-33-cl-botella-min.png,No,Rubia-Blond,No,33 cl (Botella) - 33 cl (Bottle),"3,60 â‚¬",,,,,,SÃ,No
Anchor Fog Breaker IPA,IPA,USA ğŸ‡ºğŸ‡¸,USA ğŸ‡ºğŸ‡¸,"6,8%",,50 IBU,"San Francisco tiene muchas cosas a su favor, pero el clima es algo diferente: la ciudad estÃ¡ envuelta en una niebla que al final le han puesto sus ciudadanos con el nombre de Karl. La cerveceria de Anchor Brewinges se encuentra en Potrero cuya principal particularidad es que es uno de los lugares mÃ¡s soleados de San Francisco. En honor a dicha ubicaciÃ³n se le ha dado el nombre de Fog Breaker IPA a esta cerveza con un aroma afrutado y sabor amargo. Es una cerveza refrescante con intensos aromas a piÃ±a madura, melÃ³n y pino gracias a el lÃºpulo Citra Cryo, al lÃºpulo Denali y Cascade.  Elaborada con trigo y malta pÃ¡lida su amargor se contrarresta con toques de sabor a galleta y una suave y efervecente sensaciÃ³n en boca lo que la hace evidente en su apariencia con un cuerpo brillante, dorado y pajizo con una crema duradera.",,SÃ­,https://res.cloudinary.com/divmsybfa/image/upload/v1620927857/wkr00lm23azoacdclrer.png,No,IPA-IPA,No,"35,5 cl (Botella) - 35,5 cl (Bottle)","6,70 â‚¬",,,,,,SÃ,No
Arriaca IMPERIAL RED IPA,Imperial Red IPA,EspaÃ±a ğŸ‡ªğŸ‡¸,Spain ğŸ‡ªğŸ‡¸,"8,5%",,99 IBU,,,SÃ­,https://res.cloudinary.com/divmsybfa/image/upload/v1624367224/loerr1eki41urkee6cts.png,SÃ­,IPA-IPA,No,33 cl (Lata) - 33 cl (Canned),"6,60 â‚¬",,,,,,SÃ,No
Arriaca IPA,IPA,EspaÃ±a ğŸ‡ªğŸ‡¸,Spain ğŸ‡ªğŸ‡¸,"6,9%",,45 IBU,,,SÃ­,https://i.ibb.co/mDqcWmv/1322.png,SÃ­,IPA-IPA,No,33 cl (Lata) - 33 cl (Canned),"5,60 â‚¬",,,,,,SÃ,No
Barbar,Ale,BÃ©lgica ğŸ‡§ğŸ‡ª,Belgium ğŸ‡§ğŸ‡ª,"8,0%",90 EBC,20 IBU,"Color rubio oscuro, muy cremosa y aroma muy potente, aromatizada con miel y acompaÃ±ada con notas picantes, cÃ­tricas y florales",,No,https://i.ibb.co/VL9qScx/barbar.png,No,Tostada-Brown,No,33 cl (Botella) - 33 cl (Bottle),"5,00 â‚¬",,,,,,SÃ,No
Bestiator,Honey Doppelbock,EspaÃ±a ğŸ‡ªğŸ‡¸,Spain ğŸ‡ªğŸ‡¸,"8,6%",62 EBC,44 IBU,"PuÃ©s si, estos mÃ¡quinas de mi Salamanca siguen haciendo de las suyas, ahora otra barbaridad mÃ¡s de sabor. Prueba BESTIATOR y no te arrepentirÃ¡s",,Si,https://res.cloudinary.com/divmsybfa/image/upload/v1621420538/l86xkrzxlyqxiltdlelx.png,SÃ­,Tostada-Brown,No,33 cl (botella) - 33 cl (Bottle),"5,20 â‚¬",,,,,,SÃ,No
Bizarra Black Ipa,Black IPA,EspaÃ±a ğŸ‡ªğŸ‡¸,Spain ğŸ‡ªğŸ‡¸,"6,4%",,,,,No,https://i.ibb.co/0qcD38J/bizarra-black-ipa.jpg,SÃ­,IPA-IPA,No,33 cl (botella) - 33 cl (Bottle),"4,10 â‚¬",75 cl (Botella)- (Bottel),"9,00 â‚¬",,,,SÃ,No
Bizarra Pale Ale,American Pale Ale,EspaÃ±a ğŸ‡ªğŸ‡¸,Spain ğŸ‡ªğŸ‡¸,"5,8%",,,,,No,,Si,Tostada-Brown,No,33 cl (Botella) - 33 cl (Bottle),"4,10 â‚¬",,,,,,SÃ,No
Bizarra Red Demon,IPA,EspaÃ±a ğŸ‡ªğŸ‡¸,Spain ğŸ‡ªğŸ‡¸,"7,0%",,72 IBU,,,SÃ­,https://i.ibb.co/jyTKtBL/Vaso-Botella-Red-Demon-2.png,SÃ­,IPA-IPA,No,33 cl (Botella) - 33 cl (Bottle),"4,10 â‚¬",,,,,,SÃ,No
Bizarra Tostada,Tostada,EspaÃ±a ğŸ‡ªğŸ‡¸,Spain ğŸ‡ªğŸ‡¸,"6,2%",,,,,No,https://i.ibb.co/C70CwV7/bot-bizarra-tostada.png,SÃ­,Tostada-Brown,No,33 cl (Botella) - 33 cl (Bottle),"4,10 â‚¬",,,,,,SÃ,No
Bizarra Trigo,Weissber,EspaÃ±a ğŸ‡ªğŸ‡¸,Spain ğŸ‡ªğŸ‡¸,"5,0%",,,,,No,https://i.ibb.co/7K1TryC/bizarra-trigo.png,SÃ­,Trigo-White beer,No,33 cl (Botella) - 33 cl (Bottle),"4,10 â‚¬",,,,,,SÃ,No
Blue Moon,Belgian White Ale,USA ğŸ‡ºğŸ‡¸,USA ğŸ‡ºğŸ‡¸,"5,4%",,,,,SÃ­,https://res.cloudinary.com/divmsybfa/image/upload/v1601974280/zmczruxe1xbaxzeklrri.png,Si,Trigo-White beer,No,33 cl (Botella) - 33 cl (Bottle),"3,60 â‚¬",,,,,,SÃ,No
Brewdog Hazy Jane,New England IPA,Escocia ğŸ‡¬ğŸ‡§,Scotland ğŸ‡¬ğŸ‡§,"5,0%",,70 IBU,,"East Coasts collide and crank it up for this new New England IPA retuned in Scotland. Brewed with oats and wheat and left unfiltered for a hazy appearance and super smooth delivery. Dry-hopped for a full-tilt fruit hit with pineapple, mango and a hint of zesty lime. Low on bitterness, high on haze, heavy on hops.",SÃ­,https://res.cloudinary.com/divmsybfa/image/upload/v1625825944/vghtqvhftjtf1pcgq2lx.png,No,IPA-IPA,No,33 cl (Botella) - 33 cl (Bottle),"4,90 â‚¬",,,,,,SÃ,No
Brewdog Punk IPA,IPA,Escocia ğŸ‡¬ğŸ‡§,Scotland ğŸ‡¬ğŸ‡§,"6,0%",,68 IBU,,,SÃ­,https://i.ibb.co/w4wcJF3/pub-media-catalog-product-p-u-punkipa-2000x0.png,No,IPA-IPA,No,33 cl (Botella) - 33 cl (Bottle),"4,90 â‚¬",,,,,,SÃ,No
Brewdog RIP TIDE (2015),Twisted Merciless Stout (Vintage),Escocia ğŸ‡¬ğŸ‡§,Scotland ğŸ‡¬ğŸ‡§,"8,0%",240 EBC,,"El BrewDog original, Bracken decidiÃ³ hacer una cerveza que fuera un reflejo de si mismo; este es el equivalente cervecero del monstruo de chocolate grande y lindo. Suave, suave, oscuro, chocolateado y una fuerza a tener en cuenta. Embotellada en 2015 (verÃ¡s que tiene etiqueta antigua) y madurada en nuestra bodega mÃ¡s de 6 aÃ±os hasta abril de 2021 que es cuando la ponemos a disposiciÃ³n de la peÃ±a que sabe lo que se lleva a la boca!!!","The original BrewDog, Bracken decided to make a beer that best reflected himself; this is the beer equivalent of the big, cute chocolate monster. Soft, smooth, dark, chocolatey and a force to be reckoned with. This gentle giant will never bite, but you'll still want to be on your best behaviour!",Si,https://res.cloudinary.com/divmsybfa/image/upload/v1619008411/prx15hrfbimswnxajfjk.png,No,Negra-Stout,No,33 cl (Botella) - 33 cl (Bottle),"8,30 â‚¬",,,,,,SÃ,No
Budejovick Budvar Dark,Dunkel,RepÃºblica Checa ğŸ‡¨ğŸ‡¿,Czech Republic ğŸ‡¨ğŸ‡¿,"4,7%",,,,,SÃ­,https://i.ibb.co/Czkm9HX/beer-36339.png,No,Negra-Stout,No,33 cl (Botella) - 33 cl (Bottle),"5,60 â‚¬",,,,,,SÃ,No
Budejovick Budvar Original,Blonde,RepÃºblica Checa ğŸ‡¨ğŸ‡¿,Czech Republic ğŸ‡¨ğŸ‡¿,"5,0%",,,,,SÃ­,https://i.ibb.co/XpRssPG/5e981833ad97f98beb270af4-Budvar-bottle-original-0-50-Hi-Res-RGB-s-2x.png,No,Rubia-Blond,No,33 cl (Botella) - 33 cl (Bottle),"4,90 â‚¬",,,,,,SÃ,No
Budweiser,Lager,USA ğŸ‡ºğŸ‡¸,USA ğŸ‡ºğŸ‡¸,"4,8%",,12 IBU,"En 1876 Adolphus Busch perfeccionÃ³ la receta, el proceso de elaboraciÃ³n y el sabor de la Gran Cerveza Lager. ManteniÃ©ndonos fieles al dicho: Si funciona, Â¿para quÃ© cambiarlo?",,SÃ­,https://i.ibb.co/SPBDyVj/Budweiser.png,No,Rubia-Blond,No,33 cl (botella) - 33 cl (Bottle),"3,00 â‚¬",,,,,,SÃ,No
Burro Tequila,Rubia aromatizada con tequila,EspaÃ±a ğŸ‡ªğŸ‡¸,Spain ğŸ‡ªğŸ‡¸,"5,9%",,,Al Burro de Sancho le gusta el Tequila!!!!,,SÃ­,https://res.cloudinary.com/divmsybfa/image/upload/v1601919294/bq91edcafqtuacp29hcn.png,Si,Rubia-Blond,No,33 cl (Botella) - 33 cl (Bottle),"4,00 â‚¬",,,,,,SÃ,No
Casimiro Ale ,Dubbel,EspaÃ±a ğŸ‡ªğŸ‡¸,Spain ğŸ‡ªğŸ‡¸,"6,4%",41 EBC,26 IBU,,,SÃ­,https://i.ibb.co/VjRP2H1/casimiro-mahou-cerveza-ale.png,SÃ­,Tostada-Brown,No,"37,5 cl (Botella) - 37,5 cl (Bottle)","4,10 â‚¬",,,,,,SÃ,No
Casimiro Extra,Doppel Bock,EspaÃ±a ğŸ‡ªğŸ‡¸,Spain ğŸ‡ªğŸ‡¸,"7,0%",23 EBC,26 IBU,,,SÃ­,https://i.ibb.co/D7xzxx3/casimiro-extra-detalle.png,SÃ­,Rubia-Blond,No,"37,5 cl (Botella) - 37,5 cl (Bottle)","4,10 â‚¬",,,,,,SÃ,No
Casimiro Lager,Pils,EspaÃ±a ğŸ‡ªğŸ‡¸,Spain ğŸ‡ªğŸ‡¸,"5,2%",17 EBC ,21 IBU,,,SÃ­,https://i.ibb.co/kgRDcTm/casimiro-lager-detalle.png,SÃ­,Rubia-Blond,No,"37,5 cl (Botella) - 37,5 cl (Bottle)","4,10 â‚¬",,,,,,SÃ,No
Casimiro Trigo,Weissbier,EspaÃ±a ğŸ‡ªğŸ‡¸,Spain ğŸ‡ªğŸ‡¸,"4,9%",16 EBC,12 IBU,,,SÃ­,https://i.ibb.co/MkgvfVF/casimiro-trigo-detalle.png,SÃ­,Trigo-White beer,No,"37,5 cl (Botella) - 37,5 cl (Bottle)","4,10 â‚¬",,,,,,SÃ,No
Caulier,Rubia SIN GLUTEN,BÃ©lgica ğŸ‡§ğŸ‡ª,Belgium ğŸ‡§ğŸ‡ª,"6,8%",,35 IBU,"Al final los intolerantes al gluten tambien tienen derecho a tomarse una cerveza de verdad, con grado y ademÃ¡s de una de las cerveceras Belgas mÃ¡s reconocidas. Claro que si!!!",,SÃ­,https://res.cloudinary.com/divmsybfa/image/upload/v1620929401/irgzhryy8sl02ynyfwud.png,No,Rubia-Blond,No,33 cl (Botella) - 33 cl (Bottle),"4,90 â‚¬",,,,,,SÃ,No
Chimay Azul,Belgian Strong Ale,BÃ©lgica ğŸ‡§ğŸ‡ª,Belgium ğŸ‡§ğŸ‡ª,"9,0%",,35 IBU,,,SÃ­,https://i.ibb.co/WKcBLs3/IMG-7703-800x-ace238c4-b6a8-48bf-a0de-26691e8da6aa-521x.jpg,No,Tostada-Brown,No,33 cl (Botella) - 33 cl (Bottle),"4,60 â‚¬",,,,,,SÃ,No
Chimay Roja,Belgian Strong Ale,BÃ©lgica ğŸ‡§ğŸ‡ª,Belgium ğŸ‡§ğŸ‡ª,"7,0%",,19 IBU,,,SÃ­,https://i.ibb.co/1JVP9NT/chimay-chimay-red-33cl.png,No,Tostada-Brown,No,33 cl (Botella) - 33 cl (Bottle),"4,60 â‚¬",,,,,,SÃ,No
Cibeles Dry Hopping,Dry Hopping IPA,EspaÃ±a ğŸ‡ªğŸ‡¸,Spain ğŸ‡ªğŸ‡¸,"5,1%",,,,,SÃ­,https://res.cloudinary.com/divmsybfa/image/upload/v1601974369/nacppsqv8jfdwmhhmrpt.png,SÃ­,IPA-IPA,No,33 cl (Botella) - 33 cl (Bottle),"4,30 â‚¬",,,,,,SÃ,No
Cibeles Imperial IPA,IPA,EspaÃ±a ğŸ‡ªğŸ‡¸,Spain ğŸ‡ªğŸ‡¸,"7,0%",,,,,No,https://res.cloudinary.com/divmsybfa/image/upload/v1601974408/ntqirnaml6tgyoqbkeqt.png,SÃ­,IPA-IPA,No,33 cl (Botella) - 33 cl (Bottle),"4,30 â‚¬",,,,,,SÃ,No
Coronita,Light Lager,MÃ©xico ğŸ‡²ğŸ‡½,Mexico ğŸ‡²ğŸ‡½,"4,6%",,19 IBU,,,SÃ­,https://i.ibb.co/NYZ62zV/coronita-24-x-33-cl.png,No,Rubia-Blond,No,33 cl (Botella) - 33 cl (Bottle),"3,60 â‚¬",,,,,,SÃ,No
Delirium Tremens ,Pale Ale ,EspaÃ±a ğŸ‡ªğŸ‡¸,Spain ğŸ‡ªğŸ‡¸,"9,0%",90 EBC,26 IBU,El logo de la cerveza es un elefante rosado que naciÃ³ en 1989 y se ha convertido en un icono internacional. El nombre Â«Delirium TremensÂ» proviene del trastorno cognitivo causado por la abstinencia del alcohol en una persona quÃ­micamente dependiente.,,SÃ­,https://i.ibb.co/P40VDrC/deliriumjpg.png,No,Rubia-Blond,No,33 cl (Botella) - 33 cl (Bottle),"5,20 â‚¬",,,,,,SÃ,No
Dikkenek,Belgian IPA,BÃ©lgica ğŸ‡§ğŸ‡ª,Belgium ğŸ‡§ğŸ‡ª,"6,7%",,50 IBU,"AquÃ­ estÃ¡ la primera colaboraciÃ³n Unplugged! Elaborada con un toque exÃ³tico y malta local, esta IPA que calma la sed se mantiene fiel al espÃ­ritu belga. DisfrÃºtala bien con tus amigos. Basada en una idea original de Dave y elaborada por gente local. Unas de las fÃ¡bricas de cerveza mÃ¡s populares en Valonia, ubicada en una ubicaciÃ³n estratÃ©gica, se creÃ³ para abastecer a los pubs alrededor de las canteras de Quenast para que los numerosos trabajadores, sedientos, pudieran venir a refrescarse. RÃ¡pidamente, la red de ventas se extendiÃ³ a las aldeas vecinas. Actualmente continÃºa siendo una compaÃ±Ã­a familiar, heredera del fundador de la cervecerÃ­a (Jules Lefebvre) y goza de un notable prestigio en el sector con delicias entre su porfolio apreciadas a lo largo y ancho del planeta",,SÃ­,https://res.cloudinary.com/divmsybfa/image/upload/v1622807899/fzdv9j0dbjnufnl8hocp.png,No,IPA-IPA,No,33 cl (Botella) - 33 cl (Bottle),"6,90 â‚¬",,,,,,SÃ,No
Dover,Pastry Stout,EspaÃ±a ğŸ‡ªğŸ‡¸,Spain ğŸ‡ªğŸ‡¸,"7,8%",,,"Pastry stout con cacao y toque de flor de sal, segunda entrega de la serie STEROCRAFT. ColaboraciÃ³n entre Subterfuge Records y  La Quince en tributo al disco Â«Devil came to meÂ»  de Dover. Contiene LACTOSA",,Si,https://res.cloudinary.com/divmsybfa/image/upload/v1614948400/od6fkwgphrpkzm4vekpw.png,Si,Negra-Stout,No,44 cl (Lata) - 44 cl (Canned),"9,40 â‚¬",,,,,,SÃ,No
Duchesse de Bourgogne,Belgium Flanders Red Ale,BÃ©lgica ğŸ‡§ğŸ‡ª,Belgium ğŸ‡§ğŸ‡ª,"6,2%",,35 IBU,"Una cerveza tradicional de color marrÃ³n rojizo de alta fermentaciÃ³n procedente de la regiÃ³n de Flandes Occidental de BÃ©lgica. Esta refinada ale, conocida como """" Las BorgoÃ±as de BÃ©lgica """", es una mezcla de ales de 8 y 18 meses de edad despuÃ©s de una cuidadosa maduraciÃ³n en barricas de roble","A traditional top fermented reddish-brown ale from the West-Flanders region of Belgium. This refined ale, known as """"The Burgundies of Belgium"""", is a blend of 8 and 18 months-old ales following careful maturation in oak casks.",No,https://res.cloudinary.com/divmsybfa/image/upload/v1617185164/xpp8hsx003mbickzx7oq.png,No,Tostada-Brown,No,25 cl (Botella) - 25 cl (Bottle),"4,60 â‚¬",,,,,,SÃ,No
Embrasse,Negra belga,BÃ©lgica ğŸ‡§ğŸ‡ª,Belgium ğŸ‡§ğŸ‡ª,"9,0%",,46 IBU,,,No,https://i.ibb.co/KKxfy6k/embrasse.jpg,Si,Negra-Stout,No,33 cl (Botella) - 33 cl (Bottle),"6,00 â‚¬",,,,,,No,No
Er BoquerÃ³n,4 Maltas,EspaÃ±a ğŸ‡ªğŸ‡¸,Spain ğŸ‡ªğŸ‡¸,"4,8%",,,content_cop,,SÃ­,https://res.cloudinary.com/divmsybfa/image/upload/v1616755097/c2qhkgikfaionobfxtl7.png,SÃ­,Rubia-Blond,No,33 cl (Botella) - 33 cl (Bottle),"4,50 â‚¬",,,,,,SÃ,No
Erdinger Dunkel,Dunkelweizen,Alemania ğŸ‡©ğŸ‡ª,Germany ğŸ‡©ğŸ‡ª,"5,6%",,14 IBU,,,SÃ­,https://i.ibb.co/bJRRZRb/cerveza-erdinger-dunkel-800x800.png,No,Negra-Stout,No,50 cl (Botella) - 50 cl (Bottle),"5,80 â‚¬",,,,,,SÃ,No
Erdinger Pikantus,Weizenbock,Alemania ğŸ‡©ğŸ‡ª,Germany ğŸ‡©ğŸ‡ª,"7,3%",,10 IBU,,,SÃ­,https://i.ibb.co/5vZbv00/pikantus.png,No,Tostada-Brown,No,50 cl (Botella) - 50 cl (Bottle),"5,80 â‚¬",,,,,,SÃ,No
Erdinger Urweisse,Weizen-Weissbier,Alemania ğŸ‡©ğŸ‡ª,Germany ğŸ‡©ğŸ‡ª,"5,3%",,12 IBU,,,SÃ­,https://i.ibb.co/m4s7Wzb/urweissa.png,No,Trigo-White beer,No,50 cl (Botella) - 50cl (Bottle),"5,80 â‚¬",,,,,,SÃ,No
Erdinger Weissbier,Weissbier,Alemania ğŸ‡©ğŸ‡ª,Germany ğŸ‡©ğŸ‡ª,"5,3%",,13 IBU,,,SÃ­,https://i.ibb.co/82yxzb0/erdinger-weiss.png,No,Trigo-White beer,No,50 cl (Botella) - 50 cl (Bottle),"5,80 â‚¬",,,,,,SÃ,No
Fantastic Hops Issue 5,Triple NEIPA,EspaÃ±a ğŸ‡ªğŸ‡¸,Spain ğŸ‡ªğŸ‡¸,"10,0%",,62 IBU,"UNA CERVEZA PARA LOS HÃ‰ROES SIN CAPA DE LA CRISIS.Pocas dudas hay de quiÃ©nes son los hÃ©roes de esta pandemia. Personal sanitario, trabajadores de sectores esenciales, fuerzas y cuerpos de seguridad del estado reciben cada dÃ­a el aplauso de millones de espaÃ±oles confinados en sus casas. Una forma ruidosa y multitudinaria que tienen los otros hÃ©roes, la poblaciÃ³n que respeta el aislamiento, de recompensar simbÃ³licamente a aquellos que salen de sus casas para que el resto podamos quedarnos en la nuestra.",,Si,https://res.cloudinary.com/divmsybfa/image/upload/v1624272366/pugecnv9m6izb0kkzer5.png,Si,IPA-IPA,No,44 cl (Lata) - 44 cl (Canned),"9,40 â‚¬",,,,,,SÃ,No
Fantastic Hops Issue 6,Modern West Coast IPA,EspaÃ±a ğŸ‡ªğŸ‡¸,Spain ğŸ‡ªğŸ‡¸,"6,5%",,70 IBU,"UNA CERVEZA PARA LOS HÃ‰ROES SIN CAPA DE LA CRISIS.Reparto de comida en los hospitales, taxis gratis o habitaciones de hotel sin coste para descansar son algunos ejemplos mÃ¡s de este agradecimiento. Pero las pequeÃ±as empresas tambiÃ©n se quieren sumar a la ronda de homenajes... Y asÃ­ lo ha hecho LaQuince, una cervecera artesana con sede en Madrid que ha elaborado cuatro cervezas para honrar a estos colectivos.",,Si,https://res.cloudinary.com/divmsybfa/image/upload/v1624272522/rhis3u3h9jc73joxo9j4.png,Si,IPA-IPA,No,44 cl (Lata) - 44 cl (Canned),"9,40 â‚¬",,,,,,SÃ,No
Fantastic Hops Issue 7,Session Hazy IPA,EspaÃ±a ğŸ‡ªğŸ‡¸,Spain ğŸ‡ªğŸ‡¸,"4,5%",,58 IBU,"UNA CERVEZA PARA LOS HÃ‰ROES SIN CAPA DE LA CRISIS. La idea, segÃºn cuenta Jacobo Lliso, fundador de la cervecera, era rendir homenaje al mundo del cÃ³mic con el que pasaron, y pasan, horas y horas. Pero, tras una noche en la que ""no podÃ­a dormir por preocupaciones varias"", Lliso pensÃ³ que tambiÃ©n era una buena forma de dar las gracias a los hÃ©roes sin capa de esta crisis. AdemÃ¡s, la madre de BenjamÃ­n, uno de los trabajadores de LaQuince, es mÃ©dico... Todo el equipo estÃ¡ viviendo esta situaciÃ³n muy de cerca.",,Si,https://res.cloudinary.com/divmsybfa/image/upload/v1624272991/dihozs6cuj7gzx1izgwd.png,Si,IPA-IPA,No,44 cl (Lata) - 44 cl (Canned),"9,40 â‚¬",,,,,,SÃ,No
Fantastic Hops Issue 8,Classic West Coast IPA,EspaÃ±a ğŸ‡ªğŸ‡¸,Spain ğŸ‡ªğŸ‡¸,"6,5%",,45 IBU,"UNA CERVEZA PARA LOS HÃ‰ROES SIN CAPA DE LA CRISIS. Los cuatro superhÃ©roes que ilustran cada una de las etiquetas representan los cuatro colectivos a los que ""directa o indirectamente"" los chicos de LaQuince estÃ¡n muy agradecidos. Los empleados del sector sanitario ""por curar y salvar vidas de familiares y amigos""; los hijos, padres y madres ""que estÃ¡n multiplicÃ¡ndose para hacer su trabajo y enseÃ±ar a los pequeÃ±os""; los empleados que ""siguen trabajando para suministrar"" a la ciudadanÃ­a y, por Ãºltimo, las empresas que han permitido crear su cervecera.",,Si,https://res.cloudinary.com/divmsybfa/image/upload/v1624273110/rj8kyvviqoctxtrh4q2f.png,Si,IPA-IPA,No,44 cl (Lata) - 44 cl (Canned),"9,40 â‚¬",,,,,,SÃ,No
Founders All Day IPA,IPA,USA ğŸ‡ºğŸ‡¸,USA ğŸ‡ºğŸ‡¸,"4,7%",,42 IBU,"Founders All Day IPA es una Session IPA. La mejor recompensa tras una jornada dura, para celebrar esos pequeÃ±os placeres diarios de los que tanto sabe un Cervecista. Es una India Pale Ale de SesiÃ³n, pero â€¦ Â¿QuÃ© significa exactamente Â«sesiÃ³nÂ»? bÃ¡sicamente se trata de una cerveza con menor graduaciÃ³n alcohÃ³lica pero que mantiene todo el sabor.","The beer youâ€™ve been waiting for. Keeps your taste satisfied while keeping your senses sharp. An all-day IPA naturally brewed with a complex array of malts, grains and hops. Balanced for optimal aromatics and a clean finish. The perfect reward for an honest dayâ€™s work and the ultimate companion to celebrate lifeâ€™s simple pleasures.",SÃ­,https://i.ibb.co/7pKSF4T/147295-00-1.jpg,SÃ­,IPA-IPA,No,"35,5 cl (Botella)","7,40 â‚¬",,,,,,SÃ,No
Founders Centennial IPA,IPA,USA ğŸ‡ºğŸ‡¸,USA ğŸ‡ºğŸ‡¸,"7,2%",,65 IBU,"Cervezas diseÃ±adas para unos pocos elegidos, un pequeÃ±o grupo de renegados y rebeldes que disfrutan de cerveza que supera los lÃ­mites de lo que comÃºnmente se acepta como sabor. Cerveza para gente como sus fundadores, por eso su lema es Brewed For Us, elaborado para nosotros.","Get ready to bask in the glory of the frothy headâ€™s floral bouquet. Relish the citrus accents from the abundance of dry hopping. This oneâ€™s sweet, yet balanced. Malty undertones shake hands with the hop character for a finish that never turns too bitter.",No,https://i.ibb.co/QFTF1H2/ci-founders-centennial-ipa-09ac4859e824752b.jpg,SÃ­,IPA-IPA,SÃ­,47 cl (Pinta) - 47 cl (Pint),"7,40 â‚¬",,,,,,SÃ,SÃ­
Founders Dirty Bastard,Scotch Style Ale,USA ğŸ‡ºğŸ‡¸,USA ğŸ‡ºğŸ‡¸,"8,5%",,50 IBU,"Final complejo, con notas de humo y turba, ademÃ¡s de un rico sabor a malta y un buen golpe de lÃºpulo que resaltan la actitud rebelde de una cerveza que solo podÃ­a llamarse Dirty Bastard.","So good itâ€™s almost wrong. Dark ruby in color and brewed with seven varieties of imported malts. Complex in finish, with hints of smoke and peat, paired with a malty richness and a right hook of hop power to give it the bad attitude that a beer named Dirty Bastard has to live up to. Ainâ€™t for the wee lads",SÃ­,https://i.ibb.co/vZGhrbZ/founders-dirty-bastard.jpg,SÃ­,Tostada-Brown,No,"35,5 cl (Botella)","7,40 â‚¬",,,,,,SÃ,No
Founders KBS,Bourbon Barrel- Aged Chocolate Coffee Stout,USA ğŸ‡ºğŸ‡¸,USA ğŸ‡ºğŸ‡¸,"12,0%",,70 IBU,"Nos encontramos con KBS (Kentucky Breakfast Stout) de Founders, una de las mejores cervezas Imperial Stout del mundo.
Elaborada con una enorme cantidad de cafeÌ y chocolates, se envejece en barril de roble de bourbon durante todo un anÌƒo, para asegurarse de que los maravillosos matices del bourbon lleguen hasta el final.","This beer taught us that patience truly is a virtue. KBS is a big imperial stout brewed with a massive amount of coffee and chocolate and then bourbon barrel-aged to perfection. Incredibly silky and full-bodied with notes of vanilla, cocoa, roasted coffee and charred oak.",SÃ­,https://i.ibb.co/GpBhqY5/founders-kbs-260x770-1.png,SÃ­,Negra-Stout,No,"35,5 cl (Botella)","14,00 â‚¬",,,,,,SÃ,No
Franziskaner,Weissbier,Alemania ğŸ‡©ğŸ‡ª,Germany ğŸ‡©ğŸ‡ª,"5,0%",,12 IBU,,,SÃ­,https://res.cloudinary.com/divmsybfa/image/upload/v1608117385/fkwgdkcksbfjiaijn492.png,No,Trigo-White beer,No,50 cl (Botella) - 50 cl (Bottle),"4,40 â‚¬",(Vaso Original)-(Original Glass),"4,40 â‚¬",,,,SÃ,SÃ­
Franziskaner Dunkel,Dunkel,Alemania ğŸ‡©ğŸ‡ª,Germany ğŸ‡©ğŸ‡ª,"5,0%",,,,,SÃ­,https://i.ibb.co/r5XKdKc/1-Y4-A9913-1024x1024-1-1200x1200.png,No,Negra-Stout,No,50 cl (botella) - 50 cl (bottle),"5,00 â‚¬",,,,,,SÃ,No
Funky Brett,Belgian Brett IPA,BÃ©lgica ğŸ‡§ğŸ‡ª,Belgium ğŸ‡§ğŸ‡ª,"6,6%",,50 IBU,"Elaborada en secreto para celebrar el 65 aniversario de Philippe Lefebvre, que representa la quinta generaciÃ³n de la cervecerÃ­a familiar, esta cerveza rubia es un verdadero regalo Â«de los hijos al padreÂ». Encarna el saber hacer de un padre y el dinamismo de sus hijos. Para darle su plenitud, dejan madurar la cerveza en sus cavas durante 3 meses. Floreciente y de carÃ¡cter evolutivo, esta cerveza rubia se puede disfrutar joven y frÃ­a, o templada despuÃ©s de unos meses de maduraciÃ³n a temperatura de bodega, protegida de la luz. Unas de las fÃ¡bricas de cerveza mÃ¡s populares en Valonia, ubicada en una ubicaciÃ³n estratÃ©gica, se creÃ³ para abastecer a los pubs alrededor de las canteras de Quenast para que los numerosos trabajadores, sedientos, pudieran venir a refrescarse. RÃ¡pidamente, la red de ventas se extendiÃ³ a las aldeas vecinas. Actualmente continÃºa siendo una compaÃ±Ã­a familiar, heredera del fundador de la cervecerÃ­a (Jules Lefebvre) y goza de un notable prestigio en el sector con delicias entre su porfolio apreciadas a lo largo y ancho del planeta",,SÃ­,https://res.cloudinary.com/divmsybfa/image/upload/v1622807697/wwixbbe7qd29oqmazody.png,No,IPA-IPA,No,33 cl (Botella) - 33 cl (Bottle),"6,90 â‚¬",,,,,,SÃ,No
"Geuze Boon ""Black Label"" EDITION NÂº 5",Geuze Oude,BÃ©lgica ğŸ‡§ğŸ‡ª,Belgium ğŸ‡§ğŸ‡ª,"7,0%",,,"La Oude Geuze Boon Black Label Edition NÂ°5 se presenta de nuevo con su final potente, largo y seco a base de un cuerpo redondo, tan conocido de la Boon Black Label. Con su refrescante toque de pomelo y la fina perla de su carbonataciÃ³n, podemos describir la Boon Black Label NÂ°5 como una Oude Geuze muy elegante, suave y melosa. Su complejidad basada en una ligera acidez de fondo combinada con un toque sutil de roble con referencias a vino lleva a un equilibrio perfecto. La ediciÃ³n NÂ°5 ha sido embotellada el 14 de noviembre 2019 y ha madurado durante mÃ¡s de un aÃ±o en las bodegas de la cervecerÃ­a Boon. El cupage se ha hecho con lambicas de uno, dos y 3 aÃ±os de maduraciÃ³n en â€œfoedersâ€ (barricas de roble) La Oude Geuze Boon Black Label Edition NÂ°5 es perfecta para abrir boca como aperitivo y una geuze ideal para disfrutar de manera relajada.",,Si,https://res.cloudinary.com/divmsybfa/image/upload/v1618305687/tmh2k14pw1zpircsxxra.png,No,Geuze-Geuze,No,75 cl (Botella) - 75 cl (Bottle),"17,00 â‚¬",,,,,,SÃ,No
Green Team,Hazy IPA,EspaÃ±a ğŸ‡ªğŸ‡¸,Spain ğŸ‡ªğŸ‡¸,"9,0%",,60 IBU,"Para hacer buena cerveza se necesita buena materia prima y de eso sabe un rato nuestro proveedor Agronet, cuya alianza con el cultivador de lÃºpulo neozelandÃ©s Hop Revolution celebramos con esta Doble IPA bien cargada de las variedades Nelson Sauvin, Pacific Jade, Motueka y Rakau, procedentes de este lejano paÃ­s.",,Si,https://res.cloudinary.com/divmsybfa/image/upload/v1624449606/nh9dv8iebeze9ulse6fy.png,Si,IPA-IPA,No,44 cl (Lata) - 44cl (Canned),"7,40 â‚¬",,,,,,SÃ,No
Grolsch,Lager,Holanda ğŸ‡³ğŸ‡±,Netherlands ğŸ‡³ğŸ‡±,"5,0%",,28 IBU,,,SÃ­,https://i.ibb.co/RvStx4t/Grolsch-1-5-570x700.png,No,Rubia-Blond,No,50 cl (Botella) - 50 cl (Bottle),"4,80 â‚¬",,,,,,SÃ,No
Guinness,Stout,Irlanda ğŸ‡®ğŸ‡ª,Ireland ğŸ‡®ğŸ‡ª,"4,2%",,,"Sin palabras...Guinness es Guinness. Lo demÃ¡s es ""otra cosa""",,SÃ­,https://i.ibb.co/SJRgQDx/Pint-glass-of-Guinness.jpg,No,Negra-Stout,No,,"4,50 â‚¬",,"4,50 â‚¬",(Pinta)-(Pint),"4,50 â‚¬",,SÃ,SÃ­
Gulden Draak,Belgian Strong Ale,BÃ©lgica ğŸ‡§ğŸ‡ª,Belgium ğŸ‡§ğŸ‡ª,"10,5%",90 EBC,27 IBU,"Gulden Draak es una excepcional cerveza triple belga de tipo Strong Dark Ale, de color oscuro, con notas a caramelo, malta tostada y cafÃ©. Esta cerveza artesanal belga se elabora con agua, malta, varias levaduras exclusivas y lÃºpulos nobles tradicionales. Durante la segunda fermentaciÃ³n se aÃ±ade levadura de vino, lo que le aporta un sabor caracterÃ­stico que la hace Ãºnica.",,SÃ­,https://i.ibb.co/cwjPL5T/brouwerij-van-steenberge-gulden-draak-classic.png,No,Negra-Stout,No,33 cl (Botella) - 33 cl (Bottle),"5,30 â‚¬",,,,,,SÃ,No
Hoegaarden,Blanche,BÃ©lgica ğŸ‡§ğŸ‡ª,Belgium ğŸ‡§ğŸ‡ª,"4,9%",,15 IBU,"ClÃ¡sica cerveza de trigo belga, suave, ligera y agradable. Al comienzo se aprecian notas dulces de malta, que va dando paso a una marcada acidez y aromas de flor de azahar y cÃ­tricos, finalizando en un retrogusto","â€œThis beer features the aroma of orange peel, coriander, and herbs that the merry monks imported from CuraÃ§ao. Pouring Hoegaarden is just like letting the sun fall into your glass: light yellow and naturally murky. And then thereâ€™s the soft taste, light and slightly sweet and sour and with subtle citrus notes.â€",SÃ­,https://i.ibb.co/JyK2RM8/cercezas-y-licores-a-domicilio-guatemala-hoegaarden-1200x1200.jpg,No,Trigo-White beer,No,33 cl (botella) - 33 cl (Bottle),"4,50 â‚¬",,,,,,SÃ,No
Hop Fiction,American Pale Ale,EspaÃ±a ğŸ‡ªğŸ‡¸,Spain ğŸ‡ªğŸ‡¸,"5,4%",,40 IBU,"Tributo a nuestra pelÃ­cula y director favoritos. Lleva maltas Pale ale y crystal y lÃºpulos Galena, Centennial y Citra. Â¡Gracias Quentin Tarantino por los grandes momentos!",TRIBUTE ALE BREWED WITH BLOODY PASSION,SÃ­,https://res.cloudinary.com/divmsybfa/image/upload/v1615025570/nappce6vsfzhbvgeqx2q.png,Si,Tostada-Brown,No,33 cl (Botella) - 33 cl (Bottle),"6,70 â‚¬",,,,,,SÃ,No
Hop Hause 13,Lager,Irlanda ğŸ‡®ğŸ‡ª,Ireland ğŸ‡®ğŸ‡ª,"5,0%",,,,,SÃ­,https://res.cloudinary.com/divmsybfa/image/upload/v1601917333/xxcdjl8vxxtyhehfjsds.png,No,Rubia-Blond,No,33 cl (Botella) - 33 cl (Bottle),"4,40 â‚¬",,,,,,SÃ,No
Hotel California LA QUINCE,California IPA,EspaÃ±a ğŸ‡ªğŸ‡¸,Spain ğŸ‡ªğŸ‡¸,"6,5%",,60 IBU,"Moderna evoluciÃ³n de las West Coast clÃ¡sicas que se traduce en un amargor moderado y una explosiÃ³n de aromas y sabores afrutados. Cargada de lÃºpulos americanos Citra, Cascade, Simcoe, Chinook y Mosaic. CombinaciÃ³n espectacular en whirlpool y Doble Dry Hopping con California yeast, para maridar escuchando el tema de Hotel California de los Gipsy Kings (versionando a The Eagles)",,Si,https://res.cloudinary.com/divmsybfa/image/upload/v1609759735/vk4pzpvg9swvbjiecwvg.png,Si,IPA-IPA,No,44 cl (Lata) - 44 cl (Canned),"9,10 â‚¬",,,,,,SÃ,No
In Peccatum MORTAL KOMBAT,Imperial Rye Stout,EspaÃ±a ğŸ‡ªğŸ‡¸,Spain ğŸ‡ªğŸ‡¸,"11,0%",,,,,No,https://res.cloudinary.com/divmsybfa/image/upload/v1601918117/qjzpp7bm9kkbq8txgq53.png,SÃ­,Negra-Stout,No,50 cl (Botella) - 50 cl (Bottle),"8,20 â‚¬",,,,,,SÃ,No
In Peccatum PAIN KILLER,Breakfast Stout,EspaÃ±a ğŸ‡ªğŸ‡¸,Spain ğŸ‡ªğŸ‡¸,"9,0%",,,"Coffee breakfast rye stout con mezcla de cafÃ©s de especialidad y vainilla bourbon. Hemos infusionado en frÃ­o 15 g/l de cafÃ© de especialidad Guatemala Womenâ€™s Project reciÃ©n tostado. Este cafÃ© aporta una intensa percepciÃ³n a fresas silvestres y melocotones dulces en almÃ­bar, notas a cacao y un sorprendente toque a bayas de enebro.",,SÃ­,https://res.cloudinary.com/divmsybfa/image/upload/v1601918388/bwpwmff6geezzvc0z5ci.png,SÃ­,Negra-Stout,No,44 cl (Lata) - 44 cl (Canned),"8,30 â‚¬",,,,,,SÃ,No
In Peccatum PECADO ORIGINAL,Barrel Aged Farmhouse,EspaÃ±a ğŸ‡ªğŸ‡¸,Spain ğŸ‡ªğŸ‡¸,"6,0%",,,,,SÃ­,https://res.cloudinary.com/divmsybfa/image/upload/v1601918420/hs2hwk9icnfxlubav24s.png,SÃ­,Tostada-Brown,No,65 cl (Botella) - 65 cl (Bottle),"15,00 â‚¬",,,,,,SÃ,No
Judas,Ale,EspaÃ±a ğŸ‡ªğŸ‡¸,Spain ğŸ‡ªğŸ‡¸,"8,5%",,25 IBU,"La Judas es una cerveza muy traicionera, lo que hace honor a su nombre. Es cierto que la alta graduaciÃ³n de la Judas se muestra en la etiqueta, pero de primeras no se percibe, sino posteriormente, cuando ya te has confiado",,SÃ­,https://i.ibb.co/whv6DGv/brouwerij-alken-maes-judas-blond.png,No,Rubia-Blond,No,33 cl (Botella) - 33 cl (Bottle),"3,90 â‚¬",,,,,,SÃ,No
Kasteel Donker,Belgian Dark Strong Ale,BÃ©lgica ğŸ‡§ğŸ‡ª,Belgium ğŸ‡§ğŸ‡ª,"11,0%",,23 IBU,"La Kasteel Brune presenta un bonito color marrÃ³n oscuro relativamente opaco. Posee una cabeza de espuma beige, densa y abundante.",,SÃ­,https://i.ibb.co/7zx8Gzm/kasteel-donker-33-cl.png,No,Negra-Stout,No,33 cl (Botella) - 33 cl (Bottle),"6,00 â‚¬",,,,,,SÃ,No
Kasteel Rouge,Afrutada con cerezas,BÃ©lgica ğŸ‡§ğŸ‡ª,Belgium ğŸ‡§ğŸ‡ª,"8,0%",,48 IBU,"Cerveza afrutada elaborada con cerezas maceradas en una base de Kasteel Donker. El resultado es una cerveza belga de color Ã¡mbar, con espuma densa y cremosa y aroma frutal. Su sabor es muy equilibrado con una gran presencia de las cerezas, mezcladas con notas a especias, chocolate y caramelo. Pertenece a Kasteel Brouwerij Vanhonsebrouck, cervecerÃ­a situada en el castillo de Ingelmunster, cerveza de Brujas, BÃ©lgica",,SÃ­,https://res.cloudinary.com/divmsybfa/image/upload/v1620930920/xykebuiyjtmqqoa5du2u.png,No,Tostada-Brown,No,33 cl (Botella) - 33 cl (Bottle),"6,00 â‚¬",,,,,,SÃ,No
"Keizer Karel ""Emperador Carlos V""",Strong Ale,BÃ©lgica ğŸ‡§ğŸ‡ª,Belgium ğŸ‡§ğŸ‡ª,"8,5%",,42 IBU,"Mira si estarÃ¡ buena esta birra que el Emperador Carlos V, despuÃ©s de su estancia en Flandes, se trajo a su cervecero ""de cÃ¡mara"" para que se la fabricara en EspaÃ±a porque el pobre hombre era incapÃ¡z de vivir sin beber.....la",,SÃ­,https://res.cloudinary.com/divmsybfa/image/upload/v1620928922/rt6rfy8vvw6q0ug9qavt.png,No,Tostada-Brown,No,33 cl (Botella) - 33 cl (Bottle),"4,90 â‚¬",,,,,,SÃ,No
KÃ¶nig Ludwig Dunkel,Dunkel ,Alemania ğŸ‡©ğŸ‡ª,Germany ğŸ‡©ğŸ‡ª,"5,1%",53 EBC,23 IBU,,,SÃ­,https://i.ibb.co/j4LtTnT/20459-1.png,No,Trigo-White beer,No,50 cl (Botella) - 50 cl (Bottle),"5,80 â‚¬",,,,,,SÃ,No
KÃ¶nig Ludwig Weissbier,Trigo,Alemania ğŸ‡©ğŸ‡ª,Germany ğŸ‡©ğŸ‡ª,"5,5%",,,La mejor cerveza de trigo del mundo,,No,https://i.ibb.co/F56t8cJ/konig-ludwig-weiisbier.jpg,No,Trigo-White beer,No,(CaÃ±a)-(Small),"2,00 â‚¬",(Pinta)-(Pint),"4,00 â‚¬",(Superpinta)-(Superpint),"8,00 â‚¬",,No,No
Kwak,Belgian Strong Ale,BÃ©lgica ğŸ‡§ğŸ‡ª,Belgium ğŸ‡§ğŸ‡ª,"8,0%",,,"Picaresca
MÃ¡s de un cliente se llevaba el vaso debajo del abrigo y por eso en Erasmus CafÃ© obligamos a dejar un zapato en garantÃ­a. Ã‰ste permanece en una cesta colgada por encima de las cabezas de los parroquianos hasta que se devuelve el recipiente.",,SÃ­,https://i.ibb.co/XDJwVkQ/kwak-1.png,No,Tostada-Brown,No,33 cl (Botella) - 33 cl (Bottle),"5,50 â‚¬",,,,,,SÃ,No
La Bestia LimÃ³n Serrano,Citrus Blonde Ale,EspaÃ±a ğŸ‡ªğŸ‡¸,Spain ğŸ‡ªğŸ‡¸,"5,5%",,,PuÃ©s como su nombre indica .... una bestialidad de cerveza!! Date prisa qe se acaba!!!,,Si,https://res.cloudinary.com/divmsybfa/image/upload/v1620732683/xp8qrmotx43scinsxiwe.png,SÃ­,Rubia-Blond,No,33 cl (Botella) - 33 cl (Bottle),"4,80 â‚¬",,,,,,SÃ,No
La Chouffe,Blond Ale,BÃ©lgica ğŸ‡§ğŸ‡ª,Belgium ğŸ‡§ğŸ‡ª,"8,0%",,20 IBU,,,SÃ­,https://i.ibb.co/D7m0vrj/la-chouffe.png,No,Rubia-Blond,No,33 cl (Botella) - 33 cl (Bottle),"5,20 â‚¬",,,,,,SÃ,No
La Chouffe Houblon ,Belgian Tripel IPA,BÃ©lgica ğŸ‡§ğŸ‡ª,Belgium ğŸ‡§ğŸ‡ª,"9,0%",,59 IBU,,,SÃ­,https://i.ibb.co/qyxdZgt/houblon-chuffe.png,No,IPA-IPA,No,33 cl (Botella) - 33 cl (Bottle),"5,20 â‚¬",,,,,,SÃ,No
La Divine,Belgian Strong Ale,BÃ©lgica ğŸ‡§ğŸ‡ª,Belgium ğŸ‡§ğŸ‡ª,"9,5%",,,,,SÃ­,https://i.ibb.co/zn5ZfgR/la-divine.png,No,Tostada-Brown,No,33 cl (Botella) - 33 cl (Bottle),"5,80 â‚¬",,,,,,SÃ,No
La Federal,Chili Porter,EspaÃ±a ğŸ‡ªğŸ‡¸,Spain ğŸ‡ªğŸ‡¸,"5,5%",,,,,SÃ­,https://res.cloudinary.com/divmsybfa/image/upload/v1601918708/yhb7mbidnzw1gmrmrgnl.png,SÃ­,Negra-Stout,No,44 cl (Lata) - 44 cl (Canned),"6,50 â‚¬",,,,,,No,No
La Quince Alakazan,Cream IPA,EspaÃ±a ğŸ‡ªğŸ‡¸,Spain ğŸ‡ªğŸ‡¸,"6,2%",,28 IBU,,,No,https://res.cloudinary.com/divmsybfa/image/upload/v1601973513/ckyjusrdiramemqkwvjs.png,Si,IPA-IPA,No,44 cl (Lata) - 44 cl (Canned),"6,80 â‚¬",,,,,,No,No
La Quince Crisp ,Pale Ale ,EspaÃ±a ğŸ‡ªğŸ‡¸,Spain ğŸ‡ªğŸ‡¸,"5,5%",,20 IBU,,,No,https://res.cloudinary.com/divmsybfa/image/upload/v1613496762/twnfjeyucbxb3zwbitla.png,Si,Rubia-Blond,No,44 cl (Lata) - 44 cl (Canned),"6,80 â‚¬",,,,,,No,No
La Quince Dankey Kong,New England IPA,EspaÃ±a ğŸ‡ªğŸ‡¸,Spain ğŸ‡ªğŸ‡¸,"6,5%",,,"ColaboraciÃ³n especial de la Quince con los suecos de Spike (GÃ¶teborg). LÃºpulos Citra, Columbus, Simcoe y Mosaic",,No,https://res.cloudinary.com/divmsybfa/image/upload/v1613496809/efayabzyf46lsh190bhj.png,SÃ­,IPA-IPA,No,44 cl (Lata) - 44 cl (Canned),"9,10 â‚¬",,,,,,No,No
La Quince Llipa Grapefruit ,IPA,EspaÃ±a ğŸ‡ªğŸ‡¸,Spain ğŸ‡ªğŸ‡¸,"6,4%",,100 IBU,,,SÃ­,https://i.ibb.co/41Wmt1N/smartmockups-kelu5b1d-1.png,Si,IPA-IPA,No,33 cl (Botella) - 33 cl (Bottle),"5,40 â‚¬",,,,,,SÃ,No
La Quince Magic Potiion,West Coast Imperial IPA,EspaÃ±a ğŸ‡ªğŸ‡¸,Spain ğŸ‡ªğŸ‡¸,"8,2%",,60 IBU,"ColaboraciÃ³n especial de la Quince con sus amigos  suecos de Breski (Helsinborg) . LÃºpulos Cascade, Simcoe y Mosaic",,SÃ­,https://i.ibb.co/RBhBSj3/magic-potion-la-quince-brewski-can.png,SÃ­,IPA-IPA,No,44 cl (Lata) - 44 cl (Canned),"9,60 â‚¬",,,,,,SÃ,No
La Quince Queens,Kellerbier,EspaÃ±a ğŸ‡ªğŸ‡¸,Spain ğŸ‡ªğŸ‡¸,"5,2%",,15 IBU,,,Si,https://res.cloudinary.com/divmsybfa/image/upload/v1601973603/txptg9xgwltbfqdd62zp.png,Si,Rubia-Blond,No,44 cl (Lata) - 44 cl (Canned),"6,10 â‚¬",,,,,,SÃ,No
La Quince Truhan,New England IPA,EspaÃ±a ğŸ‡ªğŸ‡¸,Spain ğŸ‡ªğŸ‡¸,"6,6%",,,"Cerveza tributo Â¡y lo sabes! cargada de lÃºpulos Mosaic y Simcoe, que aportan deliciosas notas frutadas y herbales. Fermentada con levadura New England que refuerza los sabores a fruta tropical aportados por los lÃºpulos",,No,https://res.cloudinary.com/divmsybfa/image/upload/v1607009388/pvxa599sudjjylgp1iuu.png,SÃ­,IPA-IPA,No,44 cl (Lata) - 44 cl (Canned),"9,10 â‚¬",,,,,,No,No
La Quince Turtle Master,IPA,EspaÃ±a ğŸ‡ªğŸ‡¸,Spain ğŸ‡ªğŸ‡¸,"6,5%",,,"Cerveza tributo al Maestro Mutenroishi que marcÃ³ nuestra infancia.Estilo New England IPA. Equilibrio perfecto entre lÃºpulo y grano. Sedosa, de sabores y aromas a frutas tropicales. LÃºpulos Summit y Citra que aportan aromas cÃ­tricos y frutales.",,SÃ­,https://res.cloudinary.com/divmsybfa/image/upload/v1607009422/fk3th84tkpwa7unrz0nx.png,SÃ­,IPA-IPA,No,44 cl (Lata) - 44 cl (Canned),"9,10 â‚¬",,,,,,SÃ,No
La Socarrada,Triple Malta,EspaÃ±a ğŸ‡ªğŸ‡¸,Spain ğŸ‡ªğŸ‡¸,"6,0%",,,Cerveza gastronÃ³mica con romero y miel,,SÃ­,https://res.cloudinary.com/divmsybfa/image/upload/v1616754955/prlltegq5t48ehj4i8kj.png,SÃ­,Rubia-Blond,No,33 cl (Botella) - 33 cl (Bottle),"4,50 â‚¬",,,,,,SÃ,No
La Trappe Quadrupel,Belgian Dark Strong Ale,BÃ©lgica ğŸ‡§ğŸ‡ª,Belgium ğŸ‡§ğŸ‡ª,"10,0%",,22 IBU,,,Si,https://i.ibb.co/RQRXyjw/Latrappequadrupel33cl-530x-2x.png,No,Negra-Stout,No,33 cl (Botella) - 33 cl (Bottle),"5,50 â‚¬",,,,,,SÃ,No
La Trappe Tripel,Belgian Tripel,BÃ©lgica ğŸ‡§ğŸ‡ª,Belgium ğŸ‡§ğŸ‡ª,"8,0%",,25 IBU,,,SÃ­,https://i.ibb.co/ctFwzLy/la-trappe-trappist-tripel-8.png,No,Rubia-Blond,No,33 cl (Botella) - 33 cl (Bottle),"5,50 â‚¬",,,,,,SÃ,No
La Virgen IPA,IPA,EspaÃ±a ğŸ‡ªğŸ‡¸,Spain ğŸ‡ªğŸ‡¸,"6,5%",,80 IBU,,,SÃ­,https://i.ibb.co/bFpWHmn/a-1.png,Si,IPA-IPA,No,33 cl (Botella) - 33 cl (Bottle),"5,30 â‚¬",,,,,,SÃ,No
La Virgen Jamonera,Amber Ale,EspaÃ±a ğŸ‡ªğŸ‡¸,Spain ğŸ‡ªğŸ‡¸,"5,5%",,20 IBU,,,SÃ­,https://i.ibb.co/9HZWvJm/a.jpg,Si,Tostada-Brown,No,33 cl (Botella) - 33 cl (Bottle),"5,30 â‚¬",,,,,,SÃ,No
Lagunitas IPA,IPA,USA ğŸ‡ºğŸ‡¸,USA ğŸ‡ºğŸ‡¸,"6,2%",,51.5 IBU,,,SÃ­,https://i.ibb.co/WgBNH9S/242461-00-1.png,No,IPA-IPA,No,33 cl (Botella) - 33 cl (Bottle),"5,80 â‚¬",,,,,,SÃ,No
Leffe Blonde,Blonde,BÃ©lgica ğŸ‡§ğŸ‡ª,Belgium ğŸ‡§ğŸ‡ª,"6,6%",,,"""La experiencia milenria y la combinaciÃ³n de malta pÃ¡lida, agua, lÃºpulo y levadura le dan a Leffe Blond su sutil sabor y color dorado, que consigue atrapar y reflejar la luz. Los toques de vainilla y clavo infunden a la cerveza un sabor aÃºn mÃ¡s suave, que mejor se expresa en un cÃ¡liz leffe, permitiendo al mismo tiempo que la esencia suave y fresca de esta cerveza desvele su verdadera elegancia.""","â€œAge-old expertise and the combination of pale malt, water, hop and yeast lend Leffe Blond its subtle taste and golden colour, which manages to catch and reflect the light. Hints of vanilla and clove infuse the beer with an even smoother flavour, which best expresses itself in a Leffe chalice, simultaneously allowing the soft, fresh essence of this beer to unveil its true elegance.""",SÃ­,https://res.cloudinary.com/divmsybfa/image/upload/v1608117046/keukhdabdv8pfpwe2vp2.png,No,Rubia-Blond,No,33 cl (Caliz Leffe) - 33 cl (Leffe Chalice),"4,20 â‚¬",,,,,,SÃ,SÃ­
Leffe Brune,Dubbel,BÃ©lgica ğŸ‡§ğŸ‡ª,Belgium ğŸ‡§ğŸ‡ª,"6,5%",,,,,SÃ­,https://i.ibb.co/9GrF6Cc/leffebrune.png,No,Negra-Stout,No,33 cl (Botella) - 33 cl (Bottle),"4,90 â‚¬",,,,,,SÃ,No
Leffe Rosse,Amber Ale,BÃ©lgica ğŸ‡§ğŸ‡ª,Belgium ğŸ‡§ğŸ‡ª,"6,6%",,,"Amber Ale delicada y dulce con toques de caramelo. Cerveza brillantemente equilibrada. Afrutada con toques de caramelo que culminan en una espuma cremosa
",,SÃ­,https://res.cloudinary.com/divmsybfa/image/upload/v1608117013/q678yvmrv78misviummh.png,No,Tostada-Brown,No,33 cl (Caliz Leffe) - 33 cl (Leffe Chalice),"4,20 â‚¬",,,,,,SÃ,SÃ­
Leffe Triple,Tripel,BÃ©lgica ğŸ‡§ğŸ‡ª,Belgium ğŸ‡§ğŸ‡ª,"8,5%",,,,,SÃ­,https://i.ibb.co/Tq6jX9H/leffe-triple-554946-s78-e.png,No,Rubia-Blond,No,33 cl (Botella) - 33 cl (Bottle),"4,90 â‚¬",,,,,,SÃ,No
Mahou Barrica Original,MÃ¤rzen Barrica,EspaÃ±a ğŸ‡ªğŸ‡¸,Spain ğŸ‡ªğŸ‡¸,"6,1%",12 EBC,23 IBU,"Envejecida varios meses en barricas nuevas de roble americano. El roble americano le va a aportar los tonos a vainilla y coco. El tostado de la madera le aporta aromas ahumados y tostados. Asimismo, el proceso de envejecimiento hace evolucionar los aromas de la cerveza, apareciendo aromas mas complejos como a fruta madura o frutos secos.",,SÃ­,https://i.ibb.co/WvHGv12/mahour-barrica-original.png,No,Rubia-Blond,No,33 cl (Botella) - 33 cl (Bottle),"3,60 â‚¬",,,,,,SÃ,No
Mahou Maestra ,Doppelock,EspaÃ±a ğŸ‡ªğŸ‡¸,Spain ğŸ‡ªğŸ‡¸,"7,5%",20 EBC,28 IBU,"El sabor Ãºnico de Maestra lo confiere la destreza en la combinaciÃ³n de las variedades de lÃºpulos incorporados en dos momentos del proceso cervecero. Al principio de la ebulliciÃ³n los lÃºpulos amargos aportan un amargor suave y ligero. Al final, los lÃºpulos aromÃ¡ticos suman notas cÃ­tricas y florales.",,Si,https://i.ibb.co/QHD4k5c/mahou-maestra-doble-l-pulo-33cl-24-ud.png,No,Tostada-Brown,No,33 cl (Botella) - 33 cl (Bottle),"3,50 â‚¬",,,,,,SÃ,No
Mahou Session IPA,IPA,EspaÃ±a ğŸ‡ªğŸ‡¸,Spain ğŸ‡ªğŸ‡¸,"4,5%",,40 IBU,,,SÃ­,https://i.ibb.co/hdTCfxX/mahou-cinco-estrellas-ipa.png,No,IPA-IPA,No,33 cl (Botella) - 33 cl (Bottle),"5,20 â‚¬",,,,,,SÃ,No
Malandar O brother,New England IPA,EspaÃ±a ğŸ‡ªğŸ‡¸,Spain ğŸ‡ªğŸ‡¸,"5,8%",,,,,SÃ­,https://res.cloudinary.com/divmsybfa/image/upload/v1601973990/k1zhyrj8yduj70cpdfjd.png,SÃ­,IPA-IPA,No,44 cl (Lata) - 44 cl (Canned),"8,30 â‚¬",,,,,,SÃ,No
Malandar Teorema,DDH IPA,EspaÃ±a ğŸ‡ªğŸ‡¸,Spain ğŸ‡ªğŸ‡¸,"6,7%",,,,,SÃ­,https://res.cloudinary.com/divmsybfa/image/upload/v1601974044/env7enxcezoccmcskc1o.png,SÃ­,IPA-IPA,No,44 cl (Lata) - 44 cl (Canned),"8,30 â‚¬",,,,,,SÃ,No
Manila,Hoppy Lager,EspaÃ±a ğŸ‡ªğŸ‡¸,Spain ğŸ‡ªğŸ‡¸,"5,8%",29 EBC,28 IBU,,,SÃ­,https://i.ibb.co/gwbgSJy/849346-00-1.png,No,Rubia-Blond,No,33 cl (Botella) - 33 cl (Bottle),"4,00 â‚¬",,,,,,SÃ,No
Maredsous Bruin 8,Belgian Dubbel,BÃ©lgica ğŸ‡§ğŸ‡ª,Belgium ğŸ‡§ğŸ‡ª,"8,0%",,24 IBU,,,SÃ­,https://i.ibb.co/HnGWD0M/maredsous-brune.png,No,Negra-Stout,No,33 cl (Botella) - 33 cl (Bottle),"4,80 â‚¬",,,,,,SÃ,No
MartinÂ´s IPA,IPA,BÃ©lgica ğŸ‡§ğŸ‡ª,Belgium ğŸ‡§ğŸ‡ª,"6,9%",,55 IBU,,,SÃ­,https://i.ibb.co/VQNDt0G/4292-43382.png,No,IPA-IPA,No,33 cl (Botella) - 33 cl (Bottle),"5,50 â‚¬",,,,,,SÃ,No
Modelo Negra,Negra Tipo Munich,MÃ©xico ğŸ‡²ğŸ‡½,Mexico ğŸ‡²ğŸ‡½,"5,3%",,16 IBU,"Negra Modelo, mejor conocida como La crema de la cerveza, es una cerveza tipo Munich con 5.3Âº de alcohol que ofrece un sabor equilibrado y un delicado aroma a malta oscura, caramelo y lÃºpulo. Hoy ocupa el primer lugar en ventas entre cervezas oscuras MÃ©xico.",,SÃ­,https://i.ibb.co/6PpJqBp/modelo-negra.png,No,Negra-Stout,No,33 cl (botella) - 33 cl (Bottle),"4,40 â‚¬",,,,,,SÃ,No
Mort Subite Kriek,Fruit Lambic,BÃ©lgica ğŸ‡§ğŸ‡ª,Belgium ğŸ‡§ğŸ‡ª,"6,0%",,,,,Si,https://res.cloudinary.com/divmsybfa/image/upload/v1601917756/uojqzlopuxgwfz8sff2j.png,No,Afrutada-Fruit flavoured,No,25 cl (botella) - 25 cl (Bottle),"3,90 â‚¬",,,,,,SÃ,No
NÃ³mada Manchurita,Trigo,EspaÃ±a ğŸ‡ªğŸ‡¸,Spain ğŸ‡ªğŸ‡¸,"4,0%",,,,,SÃ­,https://i.ibb.co/fMnWC0N/cerveza-nomada-la-manchurita-33cl.jpg,SÃ­,Trigo-White beer,No,33 cl (botella) - 33 cl (Bottle),"7,10 â‚¬",,,,,,SÃ,No
NÃ³mada Petricor,IPA,EspaÃ±a ğŸ‡ªğŸ‡¸,Spain ğŸ‡ªğŸ‡¸,"6,0%",,39 IBU,"Cerveza rubia, ligera y amarga. Los intolerantes al gluten tambiÃ©n la pueden disfrutar",,SÃ­,https://i.ibb.co/89JrwGp/nomada-petricor.jpg,SÃ­,IPA-IPA,No,33 cl (Botella) - 33 cl (Bottle),"8,10 â‚¬",,,,,,SÃ,No
NÃ³mada Revontulet,Rapsberry Sour Ale,EspaÃ±a ğŸ‡ªğŸ‡¸,Spain ğŸ‡ªğŸ‡¸,"6,7%",,26 IBU,Cerveza con frambuesas inspirada en los bosques de Finlandia,,No,https://i.ibb.co/K7scc32/n-mada-revontulet.png,SÃ­,Frikis-Freaks,SÃ­,33 cl (Barril) - 33 cl (Small),"4,80 â‚¬",,,,,,No,SÃ­
Orgasmus,Brown lager,EspaÃ±a ğŸ‡ªğŸ‡¸,Spain ğŸ‡ªğŸ‡¸,"6,6%",,,"Creias que lo habÃ­as probado todo... ahhh ""INOCENTE""",,SÃ­,,SÃ­,Tostada-Brown,No,33 cl (botella) - 33 cl (Bottle),"4,00 â‚¬",75 cl (Botella)- (Bottel),"8,00 â‚¬",,,,SÃ,No
Orval,Belgian Pale Ale ,BÃ©lgica ğŸ‡§ğŸ‡ª,Belgium ğŸ‡§ğŸ‡ª,"6,2%",,36 IBU,,,SÃ­,https://i.ibb.co/6WvW8bv/orval.png,No,Tostada-Brown,No,33 cl (Botella) - 33 cl (Bottle),"5,40 â‚¬",,,,,,SÃ,No
PacÃ­fico Clara,Pilsner,MÃ©xico ğŸ‡²ğŸ‡½,Mexico ğŸ‡²ğŸ‡½,"4,5%",,15 IBU,"PacÃ­fico es una cerveza de gran tradiciÃ³n y la marca lÃ­der de Grupo Modelo en el noroeste del paÃ­s. Es una cerveza clara, de sabor ligero muy refrescante. PacÃ­fico tiene sus raÃ­ces en MazatlÃ¡n y se exporta estados de la costa oeste y sur de los Estados Unidos desde 1985, con muy buenos resultados.",,SÃ­,https://i.ibb.co/71nDzXr/Pac-fico-clara.png,No,Rubia-Blond,No,"35,5 cl (botella) - 35,5 cl (Bottle)","3,80 â‚¬",,,,,,SÃ,No
Pavones de 28030,Ddh Session IPA,EspaÃ±a ğŸ‡ªğŸ‡¸,Spain ğŸ‡ªğŸ‡¸,"5,0%",,45 IBU,"Pavones es una increÃ­ble DDH Session IPA nacida en Moratalaz. El trago de esta cerveza comienza con una sensaciÃ³n afrutada y tropical que va evolucionando hacia un ligero amargor herbÃ¡ceo, que se torna en un suave sabor melÃ³n y pan. La magia en dos tiempos del trago se suma al dulzor de la malta y a una baja graduaciÃ³n que permite beberla durante toda la tarde. El uso de la levadura Verdant IPA le aporta otro matiz aÃ±adido al sabor. Presenta una espuma esponjosa junto a un aspecto turbio y rubio. La carbonataciÃ³n es moderada para que permita un trago largo y fresco. El gran aroma anticipa la combinaciÃ³n de los dos lÃºpulos usados. cashmere y mosaic",,Si,https://res.cloudinary.com/divmsybfa/image/upload/v1620380888/j097whoitkn1ii5nwlgg.png,SÃ­,IPA-IPA,No,44 cl (Lata) - 44 cl (Canned),"8,60 â‚¬",,,,,,SÃ,No
Perfect Day,IPA,EspaÃ±a ğŸ‡ªğŸ‡¸,Spain ğŸ‡ªğŸ‡¸,"6,5%",,,,,Si,https://res.cloudinary.com/divmsybfa/image/upload/v1601974098/xaqoyj6zbp8zzcsnwbhf.png,SÃ­,IPA-IPA,No,44 cl (Lata) - 44 cl (Canned),"6,90 â‚¬",,,,,,SÃ,No
Periferia,Dipa,EspaÃ±a ğŸ‡ªğŸ‡¸,Spain ğŸ‡ªğŸ‡¸,"8,0%",,,"Una Doble IPA en colaboraciÃ³n con San Frutos. AromÃ¡tica e intensa, destaca por su delicioso equilibrio entre amargor y dulzor, acompaÃ±ado por notas cÃ­tricas y frutales, con toques pinÃ¡ceos y terrosos. LÃºpulos: Mandarina Bavaria, Simcoe y Mosaic",,Si,https://res.cloudinary.com/divmsybfa/image/upload/v1628934137/jxwhbk0s3zthwtfu4lmw.png,Si,IPA-IPA,No,44 cl (Lata) - 44cl (Canned),"8,60 â‚¬",,,,,,SÃ,No
Periplo,Doble NEIPA,EspaÃ±a ğŸ‡ªğŸ‡¸,Spain ğŸ‡ªğŸ‡¸,"7,6%",,56 IBU,"fresquÃ­sima DOBLE NEIPA en colaboraciÃ³n con Attik Brewing. Una Doble NEIPA intensa, turbia y con 7,6% Vol. Alc. que entra como la seda. Con un abundantÃ­simo Dry Hopping de Citra, Sabro y Loral que la dan unos aromas especiados, florales, cÃ­tricos y frutales con deliciosas notas tropicales",,SÃ­,https://res.cloudinary.com/divmsybfa/image/upload/v1617878923/ueljrcldn07e1ohwafgt.png,SÃ­,IPA-IPA,No,44 cl (Lata) - 44 cl (Canned),"8,50 â‚¬",,,,,,SÃ,No
Peroni Gran Riserva,Doppio Matla,Italia ğŸ‡®ğŸ‡¹,ItalyÂ ğŸ‡®ğŸ‡¹,"6,6%",,25 IBU,,,Si,https://res.cloudinary.com/divmsybfa/image/upload/v1624611697/wib4drynjvqbsska8lbw.png,No,Tostada-Brown,No,50 cl (Botella) - 50 cl (Bottle),"5,80 â‚¬",,,,,,SÃ,No
Pilsner Urquell,Pilsner,RepÃºblica Checa ğŸ‡¨ğŸ‡¿,Czech Republic ğŸ‡¨ğŸ‡¿,"4,4%",,40 IBU,,,SÃ­,https://i.ibb.co/9vzK22x/pilsner-urquell-436644-e.png,No,Rubia-Blond,No,33 cl (Botella) - 33 cl (Bottle),"3,60 â‚¬",,,,,,SÃ,No
Piraat,Belgian Strong Ale,BÃ©lgica ğŸ‡§ğŸ‡ª,Belgium ğŸ‡§ğŸ‡ª,"10,5%",,23 IBU,,,SÃ­,https://i.ibb.co/pr3zwp5/piraat-33cl.png,No,Tostada-Brown,No,33 cl (Botella) - 33 cl (Bottle),"5,00 â‚¬",,,,,,SÃ,No
Primator 11 Lezak,Lager,RepÃºblica Checa ğŸ‡¨ğŸ‡¿,Czech Republic ğŸ‡¨ğŸ‡¿,"4,7%",13 EBC,31 IBU,"Una autÃ©ntica experiencia cervecera, que recuerda con cada sorbo por que la lager checa ha conquistado el mundo. Rico y pleno sabor, hermoso color dorado, densa espuma cremosa, intensa nitidez y el distintivo pero sutil amargor te hacen saborearla una y otra y otra vez.","A genuine beer experience, which reminds you with every sip why Czech lager has conquered the world. Rich full flavour, beautiful golden colour, dense creamy foam, intense sharpness and the distinctive yet subtle bitterness make you taste again and again and again.",SÃ­,https://res.cloudinary.com/divmsybfa/image/upload/v1620381442/wtd7hzzn4lghebguid2z.png,SÃ­,Rubia-Blond,No,50 cl (Botella) - 50 cl (Bottle),"7,60 â‚¬",,,,,,SÃ,No
Primator PREMIUM Lager,Lager,RepÃºblica Checa ğŸ‡¨ğŸ‡¿,Czech Republic ğŸ‡¨ğŸ‡¿,"5,0%",17 EBC,30 IBU,"La cervecerÃ­a PrimÃ¡tor fue fundada en 1872 en la cuidad de Nachod, situada en el Nordeste de Bohemia, cerca de la frontera con Polonia.En la elaboraciÃ³n de las cervezas solo utilizan ingredientes checos, incluyendo maltas de Moravia del sur y agua de manantial de un lago subterrÃ¡neo en el parque nacional de Ardpach. Su dueÃ±o sigue siendo la ciudad de Nachod y pese a ser una empresa municipal es la  cervecerÃ­a mÃ¡s innovadora de la RepÃºblica Checa. En 2010 la PrimÃ¡tor Premium gano el premio a la mejor lager del mundo de los prestigiosos World Beer Awards londinenses. Se trata de una lager dorada, ligeramente turbia y de baja carbonataciÃ³n. Su espuma es blanca y con buena permanencia. El aroma malteado se mantiene en armonÃ­a con el lÃºpulo. Su sabor es pronunciado pero muy equilibrado con un discreto regusto amargo.

En resumen se trata de una cerveza redonda y muy equilibrada ideal para los amantes del amargor no muy intenso.","A genuine beer experience, which reminds you with every sip why Czech lager has conquered the world. Rich full flavour, beautiful golden colour, dense creamy foam, intense sharpness and the distinctive yet subtle bitterness make you taste again and again and again.",SÃ­,https://res.cloudinary.com/divmsybfa/image/upload/v1622202112/uwkrsyfxt23fupuad6nz.png,No,Rubia-Blond,No,50 cl (Botella) - 50 cl (Bottle),"7,40 â‚¬",,,,,,SÃ,No
Purple Panther,Berliner Weisse,Estonia ğŸ‡ªğŸ‡ª,Estonia ğŸ‡ªğŸ‡ª,"5,5%",,,,,No,https://i.ibb.co/PzqjCPS/purplepanther.png,SÃ­,Afrutada-Fruit flavoured,No,33 cl (Lata) - 33 cl ( Canned),"5,20 â‚¬",,,,,,No,No
Raging Bitch,Belgian IPA,USA ğŸ‡ºğŸ‡¸,USA ğŸ‡ºğŸ‡¸,"8,3%",,,,,SÃ­,https://i.ibb.co/93RFhMm/raging-bitch.png,SÃ­,IPA-IPA,No,"35,5 cl (botella) - 35,5 cl (Bottle)","5,20 â‚¬",,,,,,SÃ,No
Rochefort Trappistes 8,Belgian Dark Strong Ale,BÃ©lgica ğŸ‡§ğŸ‡ª,Belgium ğŸ‡§ğŸ‡ª,"9,2%",,22 IBU,,,SÃ­,https://i.ibb.co/J7BqmRg/rochefor-8.png,No,Negra-Stout,No,33 cl (Botella) - 33 cl (Bottle),"5,70 â‚¬",,,,,,SÃ,No
Roots LA QUINCE,American Amber Ale,EspaÃ±a ğŸ‡ªğŸ‡¸,Spain ğŸ‡ªğŸ‡¸,"5,5%",,45 IBU,"Para celebrar 2021 vuelve la hoppy amber ale de LA QUINCE en una nueva versiÃ³n, elaborada con lÃºpulos Citra y Mosaic en formato BBC que incrementan la intensidad de aromas, resinas y aceites esenciales incrementando la intensidad.",,Si,https://res.cloudinary.com/divmsybfa/image/upload/v1609759393/gskbuzkyke7uopbn3r8q.png,Si,Tostada-Brown,No,44 cl (Lata) - 44 cl (Canned),"9,10 â‚¬",,,,,,SÃ,No
Saint Louis Framboise ,Lambic,BÃ©lgica ğŸ‡§ğŸ‡ª,Belgium ğŸ‡§ğŸ‡ª,"2,5%",,,,,SÃ­,https://i.ibb.co/sQz7P2B/framboise.png,No,Afrutada-Fruit flavoured,No,25 cl (Botella) - 25 cl (Bottle),"3,90 â‚¬",,,,,,SÃ,No
Samuel Smith's Imperial,Imperial Stout,Inglaterra ğŸ‡¬ğŸ‡§,England ğŸ‡¬ğŸ‡§,"7,0%",,35 IBU,,,SÃ­,https://i.ibb.co/6RXSgHr/Samuel-Smith-Imperial-Stout.png,No,Negra-Stout,No,33 cl (Botella) - 33 cl (Bottle),"5,10 â‚¬",,,,,,SÃ,No
Samuel Smith's Winter Welcome,Ale,Inglaterra ğŸ‡¬ğŸ‡§,England ğŸ‡¬ğŸ‡§,"6,0%",,,,,Si,https://res.cloudinary.com/divmsybfa/image/upload/v1608287344/visa1phusgeebywlwncm.png,No,Tostada-Brown,No,550 ml (Botella) - 550 ml  (Bottle),"9,30 â‚¬",,,,,,SÃ,No
"San Frutos ""133""",Kettle Sour Ale,EspaÃ±a ğŸ‡ªğŸ‡¸,Spain ğŸ‡ªğŸ‡¸,"5,0%",,12 IBU,"Un aroma vibrante a grosella negra, con un toque lÃ¡ctico.LÃºpulos Columbus, Ekuanot y Motueka",,Si,https://i.ibb.co/F8NLqg0/133-1024x-1.png,SÃ­,Frikis-Freaks,No,44 cl (Lata) - 44 cl (Canned),"7,80 â‚¬",,,,,,SÃ,No
San Frutos InvasiÃ³n,Imperial IPA,EspaÃ±a ğŸ‡ªğŸ‡¸,Spain ğŸ‡ªğŸ‡¸,"8,4%",,70 IBU,Medalla de Plata - El Barrilito de Oro PanamÃ¡ - American Porter and Staut,Silver - El Barrilito de Oro PanamÃ¡ - American Porter and Staut,SÃ­,https://i.ibb.co/d0JycfP/San-Frutos-INVASION-1.png,SÃ­,IPA-IPA,No,33 cl (Botella) - 33 cl (Bottle),"5,30 â‚¬",,,,,,SÃ,No
San Frutos Vikingathor,Indian Dunkel,EspaÃ±a ğŸ‡ªğŸ‡¸,Spain ğŸ‡ªğŸ‡¸,"8,2%",,75 IBU,"Con receta original de Boris de Mesones, uno de los  ""POPES"" del panorama Craft a nivel mundial.",,SÃ­,https://i.ibb.co/gJYkzf9/boris-sanfrutos-vikingathor-720.jpg,SÃ­,Negra-Stout,No,33 cl (Botella) - 33 cl (Bottle),"5,20 â‚¬",,,,,,SÃ,No
San Miguel 1516,Pilsner,EspaÃ±a ğŸ‡ªğŸ‡¸,Spain ğŸ‡ªğŸ‡¸,"4,2%",9 EBC,29 IBU,,,SÃ­,https://i.ibb.co/wcd0nRb/1516.pngq,No,Rubia-Blond,No,33 cl (Botella) - 33 cl (Bottle),"3,10 â‚¬",,,,,,SÃ,No
San Miguel Magna,Golden Lager,EspaÃ±a ğŸ‡ªğŸ‡¸,Spain ğŸ‡ªğŸ‡¸,"5,7%",12 EBC,27 IBU,,,SÃ­,https://i.ibb.co/mbyvpV2/cerveza-san-miguel-magna-57-33cl.png,No,Rubia-Blond,No,33 cl (Botella) - 33 cl (Bottle),"3,60 â‚¬",,,,,,SÃ,No
San Miguel Magna Roja 0.0,Rubia sin alcohol,EspaÃ±a ğŸ‡ªğŸ‡¸,Spain ğŸ‡ªğŸ‡¸,"0,0%",,,,,SÃ­,https://i.ibb.co/bd6LnBF/sanmiguel-magna-roja.jpg,No,Rubia-Blond,No,33 cl (botella) - 33 cl (Bottle),"3,00 â‚¬",,,,,,SÃ,No
San Miguel Radler,Radler,EspaÃ±a ğŸ‡ªğŸ‡¸,Spain ğŸ‡ªğŸ‡¸,"3,2%",6 EBC,11 IBU,,,Si,https://i.ibb.co/yfWLxt6/sanmiguel-radler.png,No,Rubia-Blond,No,33 cl (Botella) - 33 cl (Bottle),"3,10 â‚¬",(CaÃ±a)-(Small),"2,00 â‚¬",(Pinta)-(Pint),"4,00 â‚¬",,SÃ,No
San Miguel Selecta,MÃ¤rzen  ,EspaÃ±a ğŸ‡ªğŸ‡¸,Spain ğŸ‡ªğŸ‡¸,"6,2%",,32 IBU,u maduraciÃ³n en bodega le confiere un excepcional aroma y un sabor intenso. Elegida por los consumidores como â€œSabor del AÃ±oâ€ en las ediciones de 2010 y 2011,,SÃ­,https://i.ibb.co/s5qJQBB/San-Miguel-Selecta-XV.jpg,No,Tostada-Brown,No,(CaÃ±a)-(Small),"2,00 â‚¬",(Pinta)-(Pint),"4,00 â‚¬",(Superpinta)-(Superpint),"8,00 â‚¬",,SÃ,SÃ­
San Miguel Sin Gluten,Pale Lager,EspaÃ±a ğŸ‡ªğŸ‡¸,Spain ğŸ‡ªğŸ‡¸,"5,4%",8 EBC,28 IBU,,,SÃ­,https://i.ibb.co/sJJkYkw/df99eec9089194cca999e807fb312dcc-ESCALA-EXPANDEIX-360-360.png,No,Rubia-Blond,No,33 cl (Botella) - 33 cl (Bottle),"3,60 â‚¬",,,,,SÃ­,SÃ,No
San Miguel Yakima Valley IPA,IPA,EspaÃ±a ğŸ‡ªğŸ‡¸,Spain ğŸ‡ªğŸ‡¸,"6,0%",11 EBC,37 IBU,,,SÃ­,https://i.ibb.co/zV4wP7w/sm-yakima-valley-226x770.png,No,IPA-IPA,No,33 cl (Botella) - 33 cl (Bottle),"4,50 â‚¬",,,,,,SÃ,No
Satan,Belgian Strong Ale,BÃ©lgica ğŸ‡§ğŸ‡ª,Belgium ğŸ‡§ğŸ‡ª,"8,0%",,,,,SÃ­,https://i.ibb.co/Fs7P1Qw/satan-red9.png,No,Tostada-Brown,No,33 cl (Botella) - 33 cl (Bottle),"5,00 â‚¬",,,,,,SÃ,No
SatanÃ¡s JR,Triple IPA,EspaÃ±a ğŸ‡ªğŸ‡¸,Spain ğŸ‡ªğŸ‡¸,"10,0%",,65 IBU,"Probablemente la cerveza mÃ¡s lÃºpulada de la historÃ­a de La Quince hasta la fecha. TIPA elaborada con la tÃ©cnica de DIP HOPPING originaria de JapÃ³n para lupulizar masivamente en Whirpool y BiotransformaciÃ³n para extraer los aromas volÃ¡tiles mÃ¡s delicados del lÃºpulo y minimizar amargor. Completando el proceso con varias adiciones Cryo Hops en DH.  En total nada mÃ¡s y nada menos que 40 gr/L de Mosaic Cryo Hops, Sabro Cryo Hops, Citra BBC, Ahtanum, Amarillo y Citra Incognito. Maltas de cebada, trigo y avena. Todo esto se traduce en una explosiÃ³n de aromas y sabores tropicales.",,Si,https://res.cloudinary.com/divmsybfa/image/upload/v1620380185/sdxucyuvwjaewdozlolz.png,SÃ­,IPA-IPA,No,44 cl (Lata) - 44 cl (Canned),"9,70 â‚¬",,,,,,SÃ,No
Schneider AVENTINUS,Weizen-doppelbock,Alemania ğŸ‡©ğŸ‡ª,Germany ğŸ‡©ğŸ‡ª,"8,2%",,30 IBU,"Para momentos dorados junto a la chimenea: ""Mein Aventinus"" - la cerveza de trigo de color rubÃ­ oscuro, intensa y ardiente, cÃ¡lida, equilibrada y tierna. El ""Doppelbock"" de trigo mÃ¡s antiguo de Baviera, elaborado desde 1907. Su cuerpo robusto en combinaciÃ³n con su dulce aroma a malta es una invitaciÃ³n a una profunda indulgencia: una mezcla ingeniosa con un cuerpo fuerte. Combina perfectamente con platos rÃºsticos, asados â€‹â€‹oscuros y postres dulces.","For golden moments by the fireplace: ""Mein Aventinus"" - the wholehearted, dark ruby coloured wheat beer, intensive and fiery, warming, well-balanced and tender. Bavaria's oldest wheat ""Doppelbock"" - brewed since 1907! Its sturdy body in combination with its sweet malty aroma is an invitation to profound indulgence - an ingenious blend with a strong body. Perfectly matches rustic dishes, dark roasts and sweet desserts.",SÃ­,https://res.cloudinary.com/divmsybfa/image/upload/v1620932031/ih2jwt6d9eods3vv6t1t.png,No,Trigo-White beer,No,50 cl (Botella) - 50 cl (Bottle),"5,95 â‚¬",,,,,,SÃ,No
SchÃ¶fferhofer,Trigo con pomelo,Alemania ğŸ‡©ğŸ‡ª,Germany ğŸ‡©ğŸ‡ª,"2,5%",,,GRAPEFRUIT cerveza rubia de trigo alemana con jugo de pomelo,,SÃ­,https://i.ibb.co/mGb576C/Sch-fferhofer.webp,No,Afrutada-Fruit flavoured,No,33 cl (botella) - 33 cl (Bottle),"3,50 â‚¬",,,,,,SÃ,No
"Sierra Nevada ""Celebration""",Fresh Hop IPA,USA ğŸ‡ºğŸ‡¸,USA ğŸ‡ºğŸ‡¸,"6,8%",38,65 IBU,"Esta cerveza es una de las primeras IPAs craft americanas. Elaborada cada aÃ±o desde 1981 con la llegada de los primeros lÃºpulos frescos de la temporada, lo que siempre es motivo de celebraciÃ³n para el equipo de la cervecerÃ­a Sierra Nevada. Las variedades de lÃºpulo Cascade, Centennial y Chinook usadas para su elaboraciÃ³n son las responsables de su intensa fragancia rebosante de frutas cÃ­tricas y recuerdos de bosque de pinos, convirtiÃ©ndola en una de las cervezas mÃ¡s populares de la Costa Oeste estadounidense y una de las pocas cervezas de perfil lupulado para disfrutar en las vacaciones de invierno.",,Si,https://res.cloudinary.com/divmsybfa/image/upload/v1615544088/ijqhufyoujmp5zybxy61.png,Si,IPA-IPA,No,"35,5 cl (botella) - 35,5 cl (Bottle)","6,80 â‚¬",,,,,,SÃ,No
Sierra Nevada Torpedo,Extra IPA,USA ğŸ‡ºğŸ‡¸,USA ğŸ‡ºğŸ‡¸,"7,2%",,,,,Si,https://res.cloudinary.com/divmsybfa/image/upload/v1601974145/ur0eukkemms6i6mrk5oo.png,SÃ­,IPA-IPA,No,"35,5 cl (botella) - 35,5 cl (Bottle)","6,40 â‚¬",,,,,,SÃ,No
Sierra Nevada TROPICAL,Tropical IPA,USA ğŸ‡ºğŸ‡¸,USA ğŸ‡ºğŸ‡¸,"6,0%",,,"Inspirados por la vida de la isla, creamos una India Pale Ale completamente desconectada del continente. Utilizamos nuestro Ãºnico torpedo de lÃºpulo para ofrecer una intensa oleada de sabor a lÃºpulo y los exuberantes aromas de mango, papaya y maracuyÃ¡ con cada sorbo. Disfrute de nuestro toque tropical en la IPA americana",,Si,https://res.cloudinary.com/divmsybfa/image/upload/v1626977127/ogwim6gzirhe43hhovw1.png,SÃ­,IPA-IPA,No,"35,5 cl (botella) - 35,5 cl (Bottle)","6,40 â‚¬",,,,,,SÃ,No
Snake Dog,IPA,USA ğŸ‡ºğŸ‡¸,USA ğŸ‡ºğŸ‡¸,"7,1%",,,,,SÃ­,https://i.ibb.co/T2rG6BL/snake-dog-1.jpg,SÃ­,IPA-IPA,No,"35,5 cl (botella) - 35,5 cl (Bottle)","5,20 â‚¬",,,,,,SÃ,No
Sol Premium,Lager,MÃ©xico ğŸ‡²ğŸ‡½,Mexico ğŸ‡²ğŸ‡½,"4,5%",,,,,No,https://i.ibb.co/GnRgXhK/169-1699107-sol-cerveja-sol-premium-330ml.png,No,Rubia-Blond,No,33 cl (Botella) - 33 cl (Bottle),"3,60 â‚¬",,,,,,No,No
Spaten Bock,Lager Bock,Alemania ğŸ‡©ğŸ‡ª,Germany ğŸ‡©ğŸ‡ª,"7,8%","7,8 EBC",32 IBU,,,SÃ­,https://res.cloudinary.com/divmsybfa/image/upload/v1628934230/l5arox28pdrcfuorttsu.png,No,Rubia-Blond,No,(CaÃ±a)-(Small),"2,50 â‚¬",(Pinta)-(Pint),"4,50 â‚¬",(Superpinta)-(Superpint),"9,00 â‚¬",,SÃ,SÃ­
Staropramen,Lager,RepÃºblica Checa ğŸ‡¨ğŸ‡¿,Czech Republic ğŸ‡¨ğŸ‡¿,"5,0%",,,"Staropramen, la cerveza nÂº1 de Praga en el mundo","Jan Kohout and Vilem Pick had a dream to make a perfect beer by using nothing but the best ingredients, and after a few attempts they managed to create something truly special. Using authentic Saaz hops, special sorts of barley and yeast, they created a beer known today as Staropramen.",SÃ­,https://res.cloudinary.com/divmsybfa/image/upload/v1601917531/vnyku49c6cry2wswb7g1.png,No,Rubia-Blond,No,33 cl (Botella) - 33 cl (Bottle),"3,50 â‚¬",,,,,,SÃ,No
Stone Ruination IPA,IPA,USA ğŸ‡ºğŸ‡¸,USA ğŸ‡ºğŸ‡¸,"7,7%",,100 IBU,,,SÃ­,https://i.ibb.co/3sK1QKw/ci-stone-ruination-double-ipa-d7715a11f0799a26.png,No,IPA-IPA,No,33 cl (Lata) - 33 cl (Canned),"5,80 â‚¬",,,,,,SÃ,No
Straffe Hendrick Quadrupel,Belgian Dark Strong Ale,BÃ©lgica ğŸ‡§ğŸ‡ª,Belgium ğŸ‡§ğŸ‡ª,"8,0%",,35 IBU,,,SÃ­,https://i.ibb.co/4JRRYJL/Cervezu-S-cerveza-straffe-hendrik-quadruppel-1579-1-800x800.png,No,Negra-Stout,No,33 cl (Botella) - 33 cl (Bottle),"4,80 â‚¬",,,,,,SÃ,No
TalismÃ¡n,New England IPA,EspaÃ±a ğŸ‡ªğŸ‡¸,Spain ğŸ‡ªğŸ‡¸,"7,6%",,58 IBU,"Prueba la nueva New England DIPA de San Frutos. Intensa, aromÃ¡tica y turbia, una New England IPA con Dry Hopping de Mosaic, Cryo Mosaic y Ekuanot. Con una gran intensidad de aromas tropicales, afrutados y florales.",,SÃ­,https://res.cloudinary.com/divmsybfa/image/upload/v1617879191/lqw7pn0fqgro5tbovjgk.png,SÃ­,IPA-IPA,No,44 cl (Lata) - 44 cl (Canned),"8,50 â‚¬",,,,,,SÃ,No
TarÃ¡ntula,Black IPA,EspaÃ±a ğŸ‡ªğŸ‡¸,Spain ğŸ‡ªğŸ‡¸,6.4%,,,,,No,https://res.cloudinary.com/divmsybfa/image/upload/v1601974190/smoh6fqtwej0f9tu99o1.png,SÃ­,IPA-IPA,No,44 cl (Lata) - 44 cl (Canned),"6,50 â‚¬",,,,,,SÃ,No
Tra Tra,Hazy Ipa,EspaÃ±a ğŸ‡ªğŸ‡¸,Spain ğŸ‡ªğŸ‡¸,"7,6%",,,"Una Hazy IPA sabrosa y aromÃ¡tica para beber a litros. De color amarillo turbio, carbonataciÃ³n media. Con espuma blanca, cuerpo sedoso y amargor seco. 
Con lÃºpulos Citra, Strata, Idaho7 que la dan un perfil cÃ­trico, notas a fruta fresca y toques pinÃ¡ceos, tropicales y terrosos. Una colaboraciÃ³n con Cierzo Brewing.
",,Si,https://res.cloudinary.com/divmsybfa/image/upload/v1621945059/ame5eoigfx8sg2g2zwln.png,Si,IPA-IPA,No,44 cl (Lata) - 44 cl (Canned),"8,60 â‚¬",,,,,,SÃ,No
Tre Fontane (Scala Coeli),Trapense,Italia ğŸ‡®ğŸ‡¹,ItalyÂ ğŸ‡®ğŸ‡¹,"6,7%",,,,,SÃ­,https://i.ibb.co/zNS5Szb/cerveza-trapense-monjes-de-tre-fontane-scala-coeli-33-cl.jpg,No,Tostada-Brown,No,33 cl (botella) - 33 cl (Bottle),"9,70 â‚¬",,,,,,SÃ,No
Tripel Karmeliet,Belgian Tripel,BÃ©lgica ğŸ‡§ğŸ‡ª,Belgium ğŸ‡§ğŸ‡ª,"8,4%",,16 IBU,,,SÃ­,https://i.ibb.co/7S9VM7L/cerveza-tripel-karmeliet.png,No,Rubia-Blond,No,33 cl (Botella) - 33 cl (Bottle),"5,40 â‚¬",,,,,,SÃ,No
Trooper Fear Of The Dark,English Stout,Reino Unido,United Kingdom,"4,5%",,,"Creado por BRUCE DICKINSON (vocalista de Iron Maiden) y el cervecero de Robinsons Martyn Weeks, FEAR OF THE DARK es la primera ""Staut"" de la familia de cervezas TROOPER y toma su nombre de la icÃ³nica canciÃ³n y Ã¡lbum de IRON MAIDEN del mismo nombre","Created by BRUCE DICKINSON and Robinsons' Head Brewer Martyn Weeks, FEAR OF THE DARK is the first stout in the TROOPER beer family and takes its name from IRON MAIDEN's iconic song and album of the same name",SÃ­,https://res.cloudinary.com/divmsybfa/image/upload/v1602591500/s3rhsragmr4l809ru6au.png,SÃ­,Negra-Stout,No,50 cl (Botella) - 50 cl (Bottle),"10,00 â‚¬",,,,,,SÃ,No
Trooper IPA,IPA,Reino Unido,United Kingdom,"4,3%",,,"Trooper IPA estÃ¡ inspirada en las IPAs craft estadounidenses que Bruce (vocalista de Iron Maiden) probÃ³ en la Craft Brewers Conference en Denver, en 2019, donde fue un orador invitado. Bruce, habÃ­a probado tantos estilos diferentes en sus viajes con Iron Maiden que, como gran admirador de las IPAs, se dio cuenta de la importancia del estilo como fenÃ³meno actual y sabÃ­a que le quedaba un agujero que tapar en la gama de cervezas TROOPER","This beer, which references the American IPA revolution with its choice of hops, was created by Bruce Dickinson and Robinsonsâ€™ Head Brewer Martyn Weeks. A perfect sessionable ale designed to be to enjoyed no matter what time of year.",SÃ­,https://res.cloudinary.com/divmsybfa/image/upload/v1602591458/jyq4z6fmd2iikhpyjjgz.png,SÃ­,IPA-IPA,No,50 cl (Botella) - 50 cl (Bottle),"10,00 â‚¬",,,,,,SÃ,No
Troubador Magma,Belgian Triple IPA,BÃ©lgica ğŸ‡§ğŸ‡ª,Belgium ğŸ‡§ğŸ‡ª,"9,0%",,68 IBU,"Como seguro que ya sabÃ©is, segÃºn la famosa novela de Alejandro Dumas, los mosqueteros fueron tres, Athos, Portos y Aramis, a los que pronto se uniÃ³ el joven D'Artagnan para formar un cuarteto inolvidable en la historia de la literatura. Pero los mosqueteros de este relato que nos traemos entre manos, aun siendo cuatro, poco tienen que ver con los protagonistas de este clÃ¡sico de la literatura. Kristof De Roo, Rikkert Maertens, Stefaan Soetemans y Sven Suys no son franceses sino belgas y nunca han sido prodigiosos de la espada ni del florete, mÃ¡s bien del fermentador y el macerador. Estos cuatro colegas, tras graduarse como ingenieros cerveceros en Gante y comprobar la dificultad que suponÃ­a poner en prÃ¡ctica sus propias ideas en cerveceras ya establecidas debido al tradicionalismo de los estilos belgas mÃ¡s clÃ¡sicos, decidieron montar su propia fÃ¡brica. Ya con varias cervezas en el mercado, pronto llegÃ³ el momento de lanzar la que se acabarÃ­a convirtiendo en el buque insignia de la marca y su referencia mÃ¡s premiada y celebrada hasta la fecha: la Troubadour Magma. Se trata de una cerveza muy especial que aÃºna lo mejor de dos mundos, el de las American IPA elaboradas con una fase de dry-hopping y el de las Belgian Tripel mÃ¡s clÃ¡sicas, y que ya en 2010 otorgÃ³ a The Musketeers el Trofeo del Consumidor en el prestigioso Zythos Beer Festival ",,SÃ­,https://res.cloudinary.com/divmsybfa/image/upload/v1620930195/dhi34axuwa98s4wxbiqw.png,No,IPA-IPA,No,33 cl (Botella) - 33 cl (Bottle),"6,00 â‚¬",,,,,,SÃ,No
Vainilla Red Velvet,Russian Imperial Stout con frambuesa,EspaÃ±a ğŸ‡ªğŸ‡¸,Spain ğŸ‡ªğŸ‡¸,"8,5%",,15 IBU,"Nueva Russian Imperial Stout de Rapaces Night Hunters, colaboraciÃ³n con GUINEU (Barcelona). Elaborada con 6 variedades de malta, lactosa, lÃºpulo Galena, vainilla de Madagascar y las mejores frambuesas francesas que le aportan un toque de sabor a frutas del bosque. Color negro con corona de espuma color beige, aromas y sabores a chocolate, vainilla de Madagascar y frambuesa.",,Si,https://res.cloudinary.com/divmsybfa/image/upload/v1615025330/b1tp6t4v5ye0gkk5h0uo.png,Si,Negra-Stout,No,44 cl (Lata) - 44 cl (Canned),"9,40 â‚¬",,,,,,SÃ,No
Warsteiner Premium Fresh,Rubia sin alcohol,Alemania ğŸ‡©ğŸ‡ª,Germany ğŸ‡©ğŸ‡ª,"0,0%",,16 IBU,,,SÃ­,https://i.ibb.co/9gpw0GF/Fresh-175x703.png,No,Rubia-Blond,No,33 cl (Botella) - 33 cl (Bottle),"2,80 â‚¬",,,,,,SÃ,No
Warsteiner Premium Verum,Lager,Alemania ğŸ‡©ğŸ‡ª,Germany ğŸ‡©ğŸ‡ª,"4,9%","5,8 EBC",27 IBU,"Cerveza elaborada siguiendo estrictamente la ley de pureza alemana promulgada por Guillermo IV de Baviera en 1516, en la que se establecÃ­a que la cerveza sÃ³lo se podÃ­a elaborar con tres ingredientes: cebada malteada, agua y lÃºpulo.",,SÃ­,https://i.ibb.co/Z22F18r/72cf6c2b-8b5f-4960-993e-d2c2bcb44f5a.png,No,Rubia-Blond,No,(CaÃ±a)-(Small),"2,00 â‚¬",(Pinta)-(Pint),"4,00 â‚¬",(Superpinta)-(Superpint),"8,00 â‚¬",,SÃ,SÃ­
Weihenstephan Vitus,Weizenbock,Alemania ğŸ‡©ğŸ‡ª,Germany ğŸ‡©ğŸ‡ª,"7,7%",,17 IBU,,,SÃ­,https://res.cloudinary.com/divmsybfa/image/upload/v1601750453/vntwplgrrcgvz8s9rxza.png,No,Trigo-White beer,No,50 cl (Botella) - 50 cl (Bottle),"5,10 â‚¬",,,,,,SÃ,No
Weihenstephaner 1516 (2016),Kellerbier Vintage,Alemania ğŸ‡©ğŸ‡ª,Germany ğŸ‡©ğŸ‡ª,"5,6%",30 EBC,25 IBU,"Su maestro cervecero creÃ³, en 2016, una cerveza especial para conmemorar el 500 aniversario de la Ley de Pureza BÃ¡vara, la ley alimenticia mÃ¡s antigua del mundo. En 2019, Weihenstephan, recuperÃ³ esta receta para quedarse ... PERO...... en Eramus CafÃ© disponemos de algunas (pocas) botellas de la primera y Ãºnica ediciÃ³n, que debidamente conservadas en nuestra bodega ponemos a disposiciÃ³n de nuestros queridos amigos, un autÃ©ntico lujo!!! Aprovecha y no te quedes sin probarla!!!!",,Si,https://res.cloudinary.com/divmsybfa/image/upload/v1619008987/shnz0kliytdjinghmmki.png,No,Rubia-Blond,No,33 cl (Botella) - 33 cl (Bottle),"7,50 â‚¬",,,,,,SÃ,No
Westmalle Dubbel,Belgian Dubbel,BÃ©lgica ğŸ‡§ğŸ‡ª,Belgium ğŸ‡§ğŸ‡ª,"7,0%",,24 IBU,,,SÃ­,https://i.ibb.co/LP4mddj/westmalle-dubbel-33-cl.png,No,Negra-Stout,No,33 cl (Botella) - 33 cl (Bottle),"5,90 â‚¬",,,,,,SÃ,No
Wonder Worker,Dipa,EspaÃ±a ğŸ‡ªğŸ‡¸,Spain ğŸ‡ªğŸ‡¸,"8,0%",,,"La nueva y fresquÃ­sima Doble IPA en colaboraciÃ³n con Oso Brewing. Turbia, sedosa, de amargor fresco y suave y un aroma desbordante a lÃºpulos con perfiles cÃ­tricos, tropicales, y frutales. Con un Dry Hopping masivo de Galaxy, Citra, Cryo Citra y Cashmere. 
",,Si,https://res.cloudinary.com/divmsybfa/image/upload/v1621944855/consrp9vystrr54jesk7.png,Si,IPA-IPA,No,44 cl (Lata) - 44cl (Canned),"8,60 â‚¬",,,,,,SÃ,No
Wooha IPA 2015,Vintage IPA,Escocia ğŸ‡¬ğŸ‡§,Scotland ğŸ‡¬ğŸ‡§,"6,2%",,,"Wooha brewering company naciÃ³ en 2014 de la mano de la microbiÃ³loga y maestra cervecera Heather McDonald. Se originÃ³ en Nairn, tierras altas de Escocia. Todas las cervezas son 100% naturales y ""vegan friendly"" ya que no hacen filtraciÃ³n ni usan aditivos o productos quÃ­micos. Las botellas que disponemos (y son muy pocas) son de la aÃ±ada 2015 y han envejecido en nuestra bodega mÃ¡s de 5 aÃ±os. Unicamente para cerveceros ""experimentados"". DISFRUTA QUE YA NO HABRÃ MÃS!!!",,Si,https://res.cloudinary.com/divmsybfa/image/upload/v1619007496/n6yjuab0mcbkffeld99n.png,No,IPA-IPA,No,50 cl (Botella) - 50 cl (Bottle),"9,50 â‚¬",,,,,,SÃ,No
Zoreak,Farmhouse Ale-Saison,EspaÃ±a ğŸ‡ªğŸ‡¸,Spain ğŸ‡ªğŸ‡¸,"6,5%",,70 IBU,"Muy aromÃ¡tica, intensas notas florales acompaÃ±adas de toques tropicales, frutales y especiados. Cuerpo medio y final seco. Elaborada con flores ecolÃ³gicas de Botanika Gastronomika recogidas en su vivero de Zarautz. ColaboraciÃ³n con Mala Gissona",,SÃ­,https://res.cloudinary.com/divmsybfa/image/upload/v1628934573/xm59nk8e6imbqgbqdbp3.png,SÃ­,Rubia-Blond,No,33 cl (Botella) - 33 cl (Bottle),"5,30 â‚¬",,,,,,SÃ,No